INSERT INTO `user` (`user_id`, `email`, `password`, `pre_password`, `name`, `resident_registration_number`,
                    `phone_number`, `gender`, `registration_at`, `user_id_creation_at`, `sms_marketing_status`,
                    `email_marketing_status`, `customer_status`, `is_withdrawal`, `withdrawal_at`, `withdrawal_reason`,
                    `role`, `created_at`, `updated_at`)
VALUES (1, 'kim.mj@example.com', 'hashed_password_1', NULL, '김민준', NULL, '010-1111-1111', 'M', '2023-01-15 10:00:00',
        '2023-01-15 10:00:00', TRUE, TRUE, 'ACTIVE', FALSE, NULL, NULL, 'CUSTOMER', '2023-01-15 10:00:00',
        '2023-01-15 10:00:00'),
       (2, 'park.sy@example.com', 'hashed_password_2', NULL, '박서연', NULL, '010-2222-2222', 'F', '2023-02-20 11:30:00',
        '2023-02-20 11:30:00', FALSE, TRUE, 'ACTIVE', FALSE, NULL, NULL, 'CUSTOMER', '2023-02-20 11:30:00',
        '2023-02-20 11:30:00'),
       (3, 'lee.dy@example.com', 'hashed_password_3', NULL, '이도윤', NULL, '010-3333-3333', 'M', '2023-03-10 14:00:00',
        '2023-03-10 14:00:00', TRUE, FALSE, 'ACTIVE', FALSE, NULL, NULL, 'CUSTOMER', '2023-03-10 14:00:00',
        '2023-03-10 14:00:00'),
       (4, 'jung.he@example.com', 'hashed_password_4', NULL, '정하은', NULL, '010-4444-4444', 'F', '2023-04-05 09:15:00',
        '2023-04-05 09:15:00', TRUE, TRUE, 'SUSPENDED', FALSE, NULL, NULL, 'CUSTOMER', '2023-04-05 09:15:00',
        '2024-05-01 10:00:00'),
       (5, 'choi.jw@example.com', 'hashed_password_5', NULL, '최준우', NULL, '010-5555-5555', 'M', '2023-05-18 16:45:00',
        '2023-05-18 16:45:00', FALSE, FALSE, 'ACTIVE', FALSE, NULL, NULL, 'CUSTOMER', '2023-05-18 16:45:00',
        '2023-05-18 16:45:00'),
       (6, 'kim.jy@example.com', 'hashed_password_6', NULL, '김지유', NULL, '010-6666-6666', 'F', '2023-06-25 10:00:00',
        '2023-06-25 10:00:00', TRUE, TRUE, 'ACTIVE', FALSE, NULL, NULL, 'CUSTOMER', '2023-06-25 10:00:00',
        '2023-06-25 10:00:00'),
       (7, 'park.sj@example.com', 'hashed_password_7', NULL, '박서준', NULL, '010-7777-7777', 'M', '2023-07-12 13:00:00',
        '2023-07-12 13:00:00', FALSE, TRUE, 'ACTIVE', FALSE, NULL, NULL, 'CUSTOMER', '2023-07-12 13:00:00',
        '2023-07-12 13:00:00'),
       (8, 'lee.sw@example.com', 'hashed_password_8', NULL, '이시우', NULL, '010-8888-8888', 'F', '2023-08-01 15:30:00',
        '2023-08-01 15:30:00', TRUE, FALSE, 'ACTIVE', FALSE, NULL, NULL, 'CUSTOMER', '2023-08-01 15:30:00',
        '2023-08-01 15:30:00'),
       (9, 'jung.sm@example.com', 'hashed_password_9', NULL, '정수민', NULL, '010-9999-9999', 'M', '2023-09-03 11:00:00',
        '2023-09-03 11:00:00', TRUE, TRUE, 'LOCKED', FALSE, NULL, NULL, 'CUSTOMER', '2023-09-03 11:00:00',
        '2024-06-10 09:00:00'),
       (10, 'choi.yn@example.com', 'hashed_password_10', NULL, '최예나', NULL, '010-1010-1010', 'F', '2023-10-11 17:00:00',
        '2023-10-11 17:00:00', FALSE, FALSE, 'ACTIVE', FALSE, NULL, NULL, 'CUSTOMER', '2023-10-11 17:00:00',
        '2023-10-11 17:00:00'),
       (11, 'admin@example.com', 'hashed_admin_password', NULL, '관리자', NULL, '010-0000-0000', 'M',
        '2023-01-01 09:00:00', '2023-01-01 09:00:00', FALSE, FALSE, 'ACTIVE', FALSE, NULL, NULL, 'ADMIN',
        '2023-01-01 09:00:00', '2023-01-01 09:00:00'),
       (12, 'staff1@example.com', 'hashed_staff_password_1', NULL, '스태프1', NULL, '010-1234-5678', 'F',
        '2023-02-01 09:00:00', '2023-02-01 09:00:00', FALSE, FALSE, 'ACTIVE', FALSE, NULL, NULL, 'EMPLOYEE',
        '2023-02-01 09:00:00', '2023-02-01 09:00:00'),
       (13, 'kim.th@example.com', 'hashed_password_13', NULL, '김태희', NULL, '010-1313-1313', 'F', '2024-01-05 10:00:00',
        '2024-01-05 10:00:00', TRUE, TRUE, 'ACTIVE', FALSE, NULL, NULL, 'CUSTOMER', '2024-01-05 10:00:00',
        '2024-01-05 10:00:00'),
       (14, 'park.jh@example.com', 'hashed_password_14', NULL, '박지훈', NULL, '010-1414-1414', 'M', '2024-02-14 14:00:00',
        '2024-02-14 14:00:00', FALSE, TRUE, 'ACTIVE', FALSE, NULL, NULL, 'CUSTOMER', '2024-02-14 14:00:00',
        '2024-02-14 14:00:00'),
       (15, 'lee.sy@example.com', 'hashed_password_15', NULL, '이서연', NULL, '010-1515-1515', 'F', '2024-03-21 11:00:00',
        '2024-03-21 11:00:00', TRUE, FALSE, 'ACTIVE', FALSE, NULL, NULL, 'CUSTOMER', '2024-03-21 11:00:00',
        '2024-03-21 11:00:00'),
       (16, 'jung.wj@example.com', 'hashed_password_16', NULL, '정우진', NULL, '010-1616-1616', 'M', '2024-04-01 09:30:00',
        '2024-04-01 09:30:00', TRUE, TRUE, 'ACTIVE', FALSE, NULL, NULL, 'CUSTOMER', '2024-04-01 09:30:00',
        '2024-04-01 09:30:00'),
       (17, 'choi.yj@example.com', 'hashed_password_17', NULL, '최유진', NULL, '010-1717-1717', 'F', '2024-05-08 16:00:00',
        '2024-05-08 16:00:00', FALSE, FALSE, 'ACTIVE', FALSE, NULL, NULL, 'CUSTOMER', '2024-05-08 16:00:00',
        '2024-05-08 16:00:00'),
       (18, 'kim.dh@example.com', 'hashed_password_18', NULL, '김도현', NULL, '010-1818-1818', 'M', '2024-06-18 10:00:00',
        '2024-06-18 10:00:00', TRUE, TRUE, 'ACTIVE', FALSE, NULL, NULL, 'CUSTOMER', '2024-06-18 10:00:00',
        '2024-06-18 10:00:00'),
       (19, 'park.mj@example.com', 'hashed_password_19', NULL, '박민지', NULL, '010-1919-1919', 'F', '2024-06-18 10:05:00',
        '2024-06-18 10:05:00', FALSE, TRUE, 'ACTIVE', FALSE, NULL, NULL, 'CUSTOMER', '2024-06-18 10:05:00',
        '2024-06-18 10:05:00'),
       (20, 'lee.gw@example.com', 'hashed_password_20', NULL, '이건우', NULL, '010-2020-2020', 'M', '2024-06-18 10:10:00',
        '2024-06-18 10:10:00', TRUE, FALSE, 'ACTIVE', FALSE, NULL, NULL, 'CUSTOMER', '2024-06-18 10:10:00',
        '2024-06-18 10:10:00');


INSERT INTO admin (admin_id, role, email, status, created_at, updated_at)
VALUES (1, 'ADMINISTRATOR', 'admin@shop.com', 'ACTIVE', NOW(), NOW()),
       (2, 'SHIPMENT_MANAGER', 'shipping@shop.com', 'ACTIVE', NOW(), NOW()),
       (3, 'CS_MANAGER', 'cs@shop.com', 'ON_LEAVE', NOW(), NOW());

INSERT INTO category (category_id, parent_category_id, name, depth)
VALUES (1, NULL, '샌들', 1),
       (2, 1, '오리지널', 2),
       (3, 1, '크로스', 2),
       (4, 1, '미라마', 2),
       (5, 1, '듄', 2),
       (6, 1, '레이아', 2),
       (7, 1, '스파이더', 2),
       (8, 1, '노이', 2),
       (9, 2, '1.5CM', 3),
       (10, 2, '5CM', 3),
       (11, 2, '7CM', 3),
       (12, 3, '1.5CM', 3),
       (13, 3, '5CM', 3),
       (14, 3, '7CM', 3),
       (15, 4, '1.5CM', 3),
       (16, 4, '5CM', 3),
       (17, 4, '7CM', 3),
       (18, 5, '1.5CM', 3),
       (19, 5, '5CM', 3),
       (20, 5, '7CM', 3),
       (21, 6, '1.5CM', 3),
       (22, 6, '5CM', 3),
       (23, 6, '7CM', 3),
       (24, 7, '1.5CM', 3),
       (25, 7, '5CM', 3),
       (26, 7, '7CM', 3),
       (27, 8, '1.5CM', 3),
       (28, 8, '5CM', 3),
       (29, 8, '7CM', 3);

INSERT INTO `option` (option_id, type, value, created_at, updated_at)
VALUES (1, 'COLOR', '블랙', NOW(), NOW()),
       (2, 'COLOR', '화이트', NOW(), NOW()),
       (3, 'SIZE', '200MM', NOW(), NOW()),
       (4, 'SIZE', '210MM', NOW(), NOW()),
       (5, 'SIZE', '220MM', NOW(), NOW()),
       (6, 'SIZE', '230MM', NOW(), NOW()),
       (7, 'SIZE', '240MM', NOW(), NOW()),
       (8, 'SIZE', '250MM', NOW(), NOW()),
       (9, 'SIZE', '260MM', NOW(), NOW()),
       (10, 'SIZE', '270MM', NOW(), NOW()),
       (11, 'SIZE', '280MM', NOW(), NOW());

INSERT INTO item (item_id, category_id, name, image, description, price, status, grade,
                  manufacture_country, is_best_seller, is_new, created_at, updated_at)
VALUES (1, 9, '오리지널 화이트 [1.5CM]',
        'https://image.sivillage.com/upload/C00001/goods/org/532/230421004781532.jpg?RS=750&SP=1',
        '오리지널 시리즈 화이트 색상 1.5CM 굽 샌들입니다.', 59000.00, 'ON_SALE', 'A',
        'KOREA', true, true, NOW(), NOW()),
       (2, 10, '오리지널 블랙 [5CM]',
        'https://cafe24.poxo.com/ec01/ts3176/65uN764GExGfUPmYExKJkk3HjySn3TFJ3wGy406Vl/Nyjb/Ye84QUpnZR4d3lmYtr5cN6YWftVHDV6C8vAjeAA==/_/web/product/big/202406/39904a80716a4e3bf1ec271aad0cc5a3.jpg',
        '오리지널 시리즈 블랙 색상 5CM 굽 샌들입니다.', 65000.00, 'ON_SALE', 'B', 'KOREA',
        false, true, NOW(), NOW()),
       (3, 14, '크로스 화이트 [7CM]',
        'https://www.sodamall.com/web/product/small/202502/676f7c0ad2fceb109dc35a680df4e477.jpg',
        '크로스 시리즈 화이트 색상 7CM 굽 샌들입니다.', 67000.00, 'OUT_OF_STOCK', 'A',
        'VIETNAM', false, false, NOW(), NOW()),
       (4, 15, '미라마 블랙 [1.5CM]',
        'https://img.29cm.co.kr/item/202504/11f010eebf22e078b131ab4141fd6a52.jpg?width=700&format=webp',
        '미라마 시리즈 블랙 색상 1.5CM 굽 샌들입니다.', 58000.00, 'ON_SALE', 'B', 'CHINA',
        true, false, NOW(), NOW()),
       (5, 19, '듄 화이트 [5CM]', 'https://m.babaraflat.kr/web/product/big/202506/c1af1e36d16f7fc2f999a4c0faf4bba8.jpg',
        '듄 시리즈 화이트 색상 5CM 굽 샌들입니다.', 64000.00, 'QUALITY_CHECK', 'B', 'KOREA',
        false, true, NOW(), NOW()),
       (6, 22, '레이아 블랙 [5CM]',
        'https://mblogthumb-phinf.pstatic.net/MjAyNDA0MDhfMTQ4/MDAxNzEyNTYyNDU0OTM2.tlnKBBpROw9v_9ra4U6AlVwCZkE_V04EgXJqtIAy1bgg.JOQHwOtn7mW2oXzM0aSLasnPHP3tJOEo4D_5Cvd5WWQg.PNG/%EC%8A%88%EC%BD%A4%EB%A7%88%EB%B3%B4%EB%8B%88_(1).png?type=w400',
        '레이아 시리즈 블랙 색상 5CM 굽 샌들입니다.', 62000.00, 'ON_SALE', 'C', 'INDONESIA',
        false, false, NOW(), NOW()),
       (7, 27, '노이 화이트 [1.5CM]',
        'https://img.ssfshop.com/cmd/LB_750x1000/src/https://img.ssfshop.com/goods/ORBR/24/02/29/GQK224022925731_0_ORGINL_20240229103523044.jpg',
        '노이 시리즈 화이트 색상 1.5CM 굽 샌들입니다.', 56000.00, 'ON_SALE', 'B', 'KOREA',
        false, false, NOW(), NOW()),
       (8, 11, '오리지널 블랙 [7CM]',
        'https://cafe24.poxo.com/ec01/ts3176/65uN764GExGfUPmYExKJkk3HjySn3TFJ3wGy406Vl/Nyjb/Ye84QUpnZR4d3lmYtr5cN6YWftVHDV6C8vAjeAA==/_/web/product/big/202406/8a8f6aea130fa8a6cd56fa3af5997909.jpg',
        '오리지널 시리즈 블랙 색상 7CM 굽 샌들입니다.', 67000.00, 'ADDRESS_ISSUE', 'A',
        'KOREA', true, false, NOW(), NOW()),
       (9, 25, '스파이더 화이트 [5CM]', 'https://product-image.wconcept.co.kr/productimg/image/img0/12/306833212_JH11536.jpg',
        '스파이더 시리즈 화이트 색상 5CM 굽 샌들입니다.', 63000.00, 'WAREHOUSE_OVERLOAD', 'A',
        'VIETNAM', false, true, NOW(), NOW()),
       (10, 29, '노이 블랙 [7CM]',
        'https://www.rogervivier.com/fashion/rogervivier/RVW76942250D90B999/RVW76942250D90B999-03.jpg?imwidth=650',
        '노이 시리즈 블랙 색상 7CM 굽 샌들입니다.', 68000.00, 'ETC', 'C', 'CHINA', false,
        false, NOW(), NOW());


INSERT INTO `user_grade` (`user_grade_id`, `user_id`, `grade`, `grade_benefit`, `created_at`, `updated_at`)
VALUES (1, 1, 'BRONZE', 1, '2023-01-15 10:00:00', '2023-01-15 10:00:00'),
       (2, 2, 'SILVER', 3, '2023-02-20 11:30:00', '2023-02-20 11:30:00'),
       (3, 3, 'GOLD', 5, '2023-03-10 14:00:00', '2023-03-10 14:00:00'),
       (4, 4, 'SILVER', 3, '2023-04-05 09:15:00', '2023-04-05 09:15:00'),
       (5, 5, 'BRONZE', 1, '2023-05-18 16:45:00', '2023-05-18 16:45:00'),
       (6, 6, 'GOLD', 5, '2023-06-25 10:00:00', '2023-06-25 10:00:00'),
       (7, 7, 'VIP', 7, '2023-07-12 13:00:00', '2023-07-12 13:00:00'),
       (8, 8, 'SILVER', 3, '2023-08-01 15:30:00', '2023-08-01 15:30:00'),
       (9, 9, 'BRONZE', 1, '2023-09-03 11:00:00', '2023-09-03 11:00:00'),
       (10, 10, 'GOLD', 5, '2023-10-11 17:00:00', '2023-10-11 17:00:00');



INSERT INTO delivery_address
(delivery_address_id, user_id, recipient_name, recipient_phone_number, recipient_email, postal_code, main_address,
 detailed_addres, is_default, is_active, created_at, updated_at)
VALUES (1, 1, '김민준', '010-1111-1111', 'minjun@example.com', '04524', '서울특별시 중구 세종대로 110', '15층 1501호', true, true,
        '2023-01-15 10:05:00', '2023-01-15 10:05:00'),
       (2, 1, '김민준', '010-1111-1111', 'minjun@example.com', '06236', '서울특별시 강남구 테헤란로 212', '센트럴타워 12층', false, true,
        '2023-02-01 09:00:00', '2023-02-01 09:00:00'),
       (3, 2, '박서연', '010-2222-2222', 'seoyeon@example.com', '04174', '서울특별시 마포구 월드컵북로 396', '2동 201호', true, true,
        '2023-02-20 11:35:00', '2023-02-20 11:35:00'),
       (4, 3, '이도윤', '010-3333-3333', 'doyoon@example.com', '02841', '서울특별시 성북구 안암로 145', '제1기숙사 302호', true, true,
        '2023-03-10 14:10:00', '2023-03-10 14:10:00'),
       (5, 5, '최준우', '010-5555-5555', 'junwoo@example.com', '08376', '서울특별시 구로구 디지털로26길 72', '702호', true, true,
        '2023-05-18 17:00:00', '2023-05-18 17:00:00'),
       (6, 6, '김지유', '010-6666-6666', 'jiyoo@example.com', '03127', '서울특별시 종로구 종로 1', '종로타워 8층', true, true,
        '2023-06-25 10:10:00', '2023-06-25 10:10:00'),
       (7, 7, '박서준', '010-7777-7777', 'seojun@example.com', '03722', '서울특별시 서대문구 연세로 50', '공학원 301호', true, true,
        '2023-07-12 13:10:00', '2023-07-12 13:10:00'),
       (8, 8, '이시우', '010-8888-8888', 'siwoo@example.com', '06130', '서울특별시 강남구 영동대로 513', '삼성동 무역센터 25층', true, true,
        '2023-08-01 15:35:00', '2023-08-01 15:35:00'),
       (9, 8, '이시우', '010-8888-8888', 'siwoo@example.com', '06675', '서울특별시 서초구 서초대로 396', '서초역 인근 101호', false, true,
        '2023-09-01 09:00:00', '2023-09-01 09:00:00'),
       (10, 10, '최예나', '010-1010-1010', 'yena@example.com', '03974', '서울특별시 은평구 통일로 1010', '삼익APT 301동 1502호', true,
        true, '2023-10-11 17:10:00', '2023-10-11 17:10:00'),
       (11, 13, '김태희', '010-1313-1313', 'taehee@example.com', '06578', '서울특별시 서초구 반포대로 222', '래미안 101동 1004호', true,
        true, '2024-01-05 10:05:00', '2024-01-05 10:05:00'),
       (12, 14, '박지훈', '010-1414-1414', 'jihoon@example.com', '07212', '서울특별시 영등포구 선유로 200', '우리타워 3층', true, true,
        '2024-02-14 14:10:00', '2024-02-14 14:10:00'),
       (13, 15, '이서연', '010-1515-1515', 'seoyeon2@example.com', '08504', '서울특별시 금천구 가산디지털1로 168', '우림라이온스밸리 B동 707호',
        true, true, '2024-03-21 11:10:00', '2024-03-21 11:10:00'),
       (14, 16, '정우진', '010-1616-1616', 'woojin@example.com', '04991', '서울특별시 광진구 능동로 209', '건대입구역 5번출구 앞 203호', true,
        true, '2024-04-01 09:40:00', '2024-04-01 09:40:00'),
       (15, 18, '김도현', '010-1818-1818', 'dohyun@example.com', '04790', '서울특별시 성동구 아차산로 17', '성수IT밸리 902호', true, true,
        '2024-06-18 10:10:00', '2024-06-18 10:10:00');



INSERT INTO wish_list (wish_list_id, user_id, item_id, added_at, created_at, updated_at)
VALUES (1, 1, 3, '2024-06-01 10:00:00', '2024-06-01 10:00:00', '2024-06-01 10:00:00'),
       (2, 2, 1, '2024-06-02 11:30:00', '2024-06-02 11:30:00', '2024-06-02 11:30:00'),
       (3, 3, 5, '2024-06-03 14:00:00', '2024-06-03 14:00:00', '2024-06-03 14:00:00'),
       (4, 4, 2, '2024-06-04 09:15:00', '2024-06-04 09:15:00', '2024-06-04 09:15:00'),
       (5, 5, 7, '2024-06-05 16:45:00', '2024-06-05 16:45:00', '2024-06-05 16:45:00'),
       (6, 6, 4, '2024-06-06 10:00:00', '2024-06-06 10:00:00', '2024-06-06 10:00:00'),
       (7, 7, 6, '2024-06-07 13:00:00', '2024-06-07 13:00:00', '2024-06-07 13:00:00'),
       (8, 8, 8, '2024-06-08 15:30:00', '2024-06-08 15:30:00', '2024-06-08 15:30:00'),
       (9, 9, 10, '2024-06-09 11:00:00', '2024-06-09 11:00:00', '2024-06-09 11:00:00'),
       (10, 10, 9, '2024-06-10 17:00:00', '2024-06-10 17:00:00', '2024-06-10 17:00:00');


INSERT INTO review (item_id, user_id, rating, title, content, image, view, is_hidden, created_at, updated_at)
VALUES (1, 1, 5, '정말 편하고 좋아요!', '오리지널 화이트 샌들 정말 편해요. 발에 딱 맞고 디자인도 예쁩니다.', 'image/review1.jpg', 12, FALSE,
        '2024-06-01 10:00:00', '2024-06-01 10:00:00'),
       (1, 3, 5, '매일 신고 있어요!', '진짜 편해서 출근할 때마다 신어요. 굽도 안정적이고 발이 안 아파요.', 'image/review1-1.jpg', 14, FALSE,
        '2024-06-11 10:00:00', '2024-06-11 10:00:00'),
       (1, 6, 4, '예쁜데 사이즈 참고하세요', '디자인은 정말 예쁜데 발볼이 넓은 분들은 반 사이즈 업 추천해요.', NULL, 6, FALSE, '2024-06-12 12:30:00',
        '2024-06-12 12:30:00'),
       (1, 9, 3, '그럭저럭 괜찮아요', '기대보단 평범했지만 가격 생각하면 나쁘지 않아요. 배송은 빨랐어요.', NULL, 3, FALSE, '2024-06-13 15:45:00',
        '2024-06-13 15:45:00'),
       (2, 2, 4, '예쁘긴 한데 조금 무거워요', '디자인은 예쁜데 살짝 무거운 느낌이 있어요. 그래도 만족합니다.', 'image/review2.jpg', 8, FALSE,
        '2024-06-02 11:00:00', '2024-06-02 11:00:00'),
       (2, 4, 5, '완전 마음에 들어요', '고급스러운 블랙 색상에 굽도 적당해서 직장용으로 딱이에요.', 'image/review2-2.jpg', 11, FALSE,
        '2024-06-15 09:30:00', '2024-06-15 09:30:00'),
       (2, 5, 3, '조금 딱딱한 감은 있어요', '디자인은 만족하지만 착화감은 개인차가 있을 것 같아요.', NULL, 4, FALSE, '2024-06-16 13:15:00',
        '2024-06-16 13:15:00'),
       (3, 3, 2, '아쉽네요', '기대한 것보다 품질이 별로였어요. 굽이 약간 불편해요.', NULL, 5, FALSE, '2024-06-03 13:30:00',
        '2024-06-03 13:30:00'),
       (3, 6, 4, '굽이 높지만 안정적이에요', '7CM인데도 흔들림 없고 디자인도 깔끔해서 좋았어요.', 'image/review3-2.jpg', 7, FALSE,
        '2024-06-15 15:10:00', '2024-06-15 15:10:00'),
       (3, 7, 2, '불편해서 반품했어요', '제 발엔 안 맞았는지 오래 신으니 아팠어요. 개인차는 있겠죠.', NULL, 2, FALSE, '2024-06-16 08:50:00',
        '2024-06-16 08:50:00'),
       (4, 4, 5, '가볍고 편해요', '미라마 샌들 너무 가볍고 착용감이 좋아요. 데일리로 최고입니다.', 'image/review4.jpg', 20, FALSE,
        '2024-06-04 09:45:00', '2024-06-04 09:45:00'),
       (5, 5, 3, '무난한 제품이에요', '기대보다는 평범하지만 편하긴 해요. 가격 대비 괜찮아요.', NULL, 3, FALSE, '2024-06-05 10:00:00',
        '2024-06-05 10:00:00'),
       (6, 6, 4, '편하고 예쁨', '레이아 샌들 디자인도 예쁘고 착화감도 좋아요. 추천합니다.', 'image/review6.jpg', 7, FALSE, '2024-06-06 14:00:00',
        '2024-06-06 14:00:00'),
       (7, 7, 5, '매우 만족', '노이 시리즈 중에 제일 만족한 제품입니다. 발볼도 편해요.', NULL, 10, FALSE, '2024-06-07 11:30:00',
        '2024-06-07 11:30:00'),
       (8, 8, 1, '배송 문제가 있었어요', '제품 자체는 괜찮았지만 배송 지연이 심했어요.', NULL, 2, TRUE, '2024-06-08 16:00:00',
        '2024-06-08 16:00:00'),
       (9, 9, 4, '괜찮은 선택이었어요', '처음엔 어색했는데 익숙해지니 편하네요.', 'image/review9.jpg', 6, FALSE, '2024-06-09 10:00:00',
        '2024-06-09 10:00:00');



INSERT INTO item_question (item_id, user_id, image, type, title, content, is_secret, created_at, updated_at)
VALUES (1, 1, NULL, 'PRODUCT', '제품 소재가 어떻게 되나요?', '이 신발의 소재가 무엇인지 궁금합니다.', FALSE, NOW(), NOW()),
       (2, 2, 'question_images/img_2_2.jpg', 'SIZE', '사이즈 문의', '평소 250 신는데 이 제품도 250이 맞나요?', FALSE, NOW(), NOW()),
       (3, 3, NULL, 'SHIPPING', '배송 기간 얼마나 걸리나요?', '평균 배송 기간을 알고 싶습니다.', FALSE, NOW(), NOW()),
       (4, 4, NULL, 'DELIVERY', '배송지 변경 가능한가요?', '주문 후 배송지 변경이 가능한지 문의드립니다.', TRUE, NOW(), NOW()),
       (5, 5, NULL, 'OTHER', '세일 예정 있나요?', '다가오는 시즌 세일 계획이 있나요?', FALSE, NOW(), NOW()),
       (6, 6, 'question_images/img_6_6.jpg', 'PRODUCT', '제품 색상 문의', '블랙 색상 외에 다른 색상도 출시되나요?', FALSE, NOW(), NOW()),
       (7, 7, NULL, 'SIZE', '사이즈 교환 정책이 궁금해요', '사이즈가 맞지 않을 때 교환 정책 알려주세요.', TRUE, NOW(), NOW()),
       (8, 8, NULL, 'SHIPPING', '국제 배송도 가능한가요?', '해외 배송이 가능한지 알고 싶습니다.', FALSE, NOW(), NOW()),
       (9, 9, NULL, 'DELIVERY', '배송 시간대 지정 가능?', '배송 시 시간대 지정이 가능한가요?', FALSE, NOW(), NOW()),
       (10, 10, 'question_images/img_10_10.jpg', 'OTHER', '제품 무게가 궁금해요', '이 신발의 무게가 어느 정도인지 알려주세요.', FALSE, NOW(),
        NOW());



INSERT INTO item_answer (item_question_id, admin_id, content, created_at, updated_at)
VALUES (1, 1, '이 제품은 천연 가죽과 합성 소재로 제작되었습니다.', NOW(), NOW()),
       (2, 2, '250 사이즈가 평소 신으시는 사이즈와 동일하게 제작되었습니다.', NOW(), NOW()),
       (3, 3, '평균 배송 기간은 3~5일 정도 소요됩니다.', NOW(), NOW()),
       (4, 3, '주문 후 배송지 변경은 출고 전까지 가능합니다. 고객센터로 연락 부탁드립니다.', NOW(), NOW()),
       (5, 1, '다가오는 시즌에 맞춰 다양한 세일 이벤트가 예정되어 있습니다. 홈페이지를 참고해주세요.', NOW(), NOW()),
       (6, 1, '현재 블랙 색상 외에도 화이트, 베이지 색상이 출시 예정입니다.', NOW(), NOW()),
       (7, 3, '사이즈가 맞지 않을 경우, 상품 수령 후 7일 이내에 교환 요청이 가능합니다.', NOW(), NOW()),
       (8, 2, '네, 국제 배송도 가능하며, 배송비 및 기간은 지역에 따라 다릅니다.', NOW(), NOW()),
       (10, 1, '이 신발의 무게는 약 350g으로 가볍고 편안한 착화감을 제공합니다.', NOW(), NOW());



INSERT INTO item_option (item_option_id, item_id, color_option_id, size_option_id, additional_price, created_at,
                         updated_at)
VALUES (1, 1, 2, 3, 0.00, NOW(), NOW()),
       (2, 1, 2, 4, 0.00, NOW(), NOW()),
       (3, 1, 2, 5, 0.00, NOW(), NOW()),
       (4, 1, 2, 6, 0.00, NOW(), NOW()),
       (5, 1, 2, 7, 0.00, NOW(), NOW()),
       (6, 1, 2, 8, 0.00, NOW(), NOW()),
       (7, 1, 2, 9, 0.00, NOW(), NOW()),
       (8, 1, 2, 10, 0.00, NOW(), NOW()),
       (9, 1, 2, 11, 0.00, NOW(), NOW()),
       (10, 2, 1, 3, 0.00, NOW(), NOW()),
       (11, 2, 1, 4, 0.00, NOW(), NOW()),
       (12, 2, 1, 5, 0.00, NOW(), NOW()),
       (13, 2, 1, 6, 0.00, NOW(), NOW()),
       (14, 2, 1, 7, 0.00, NOW(), NOW()),
       (15, 2, 1, 8, 0.00, NOW(), NOW()),
       (16, 2, 1, 9, 0.00, NOW(), NOW()),
       (17, 2, 1, 10, 0.00, NOW(), NOW()),
       (18, 2, 1, 11, 0.00, NOW(), NOW()),
       (19, 3, 2, 3, 0.00, NOW(), NOW()),
       (20, 3, 2, 4, 0.00, NOW(), NOW()),
       (21, 3, 2, 5, 0.00, NOW(), NOW()),
       (22, 3, 2, 6, 0.00, NOW(), NOW()),
       (23, 3, 2, 7, 0.00, NOW(), NOW()),
       (24, 3, 2, 8, 0.00, NOW(), NOW()),
       (25, 3, 2, 9, 0.00, NOW(), NOW()),
       (26, 3, 2, 10, 0.00, NOW(), NOW()),
       (27, 3, 2, 11, 0.00, NOW(), NOW()),
       (28, 4, 1, 3, 0.00, NOW(), NOW()),
       (29, 4, 1, 4, 0.00, NOW(), NOW()),
       (30, 4, 1, 5, 0.00, NOW(), NOW()),
       (31, 4, 1, 6, 0.00, NOW(), NOW()),
       (32, 4, 1, 7, 0.00, NOW(), NOW()),
       (33, 4, 1, 8, 0.00, NOW(), NOW()),
       (34, 4, 1, 9, 0.00, NOW(), NOW()),
       (35, 4, 1, 10, 0.00, NOW(), NOW()),
       (36, 4, 1, 11, 0.00, NOW(), NOW()),
       (37, 5, 2, 3, 0.00, NOW(), NOW()),
       (38, 5, 2, 4, 0.00, NOW(), NOW()),
       (39, 5, 2, 5, 0.00, NOW(), NOW()),
       (40, 5, 2, 6, 0.00, NOW(), NOW()),
       (41, 5, 2, 7, 0.00, NOW(), NOW()),
       (42, 5, 2, 8, 0.00, NOW(), NOW()),
       (43, 5, 2, 9, 0.00, NOW(), NOW()),
       (44, 5, 2, 10, 0.00, NOW(), NOW()),
       (45, 5, 2, 11, 0.00, NOW(), NOW()),
       (46, 6, 1, 3, 0.00, NOW(), NOW()),
       (47, 6, 1, 4, 0.00, NOW(), NOW()),
       (48, 6, 1, 5, 0.00, NOW(), NOW()),
       (49, 6, 1, 6, 0.00, NOW(), NOW()),
       (50, 6, 1, 7, 0.00, NOW(), NOW()),
       (51, 6, 1, 8, 0.00, NOW(), NOW()),
       (52, 6, 1, 9, 0.00, NOW(), NOW()),
       (53, 6, 1, 10, 0.00, NOW(), NOW()),
       (54, 6, 1, 11, 0.00, NOW(), NOW()),
       (55, 7, 2, 3, 0.00, NOW(), NOW()),
       (56, 7, 2, 4, 0.00, NOW(), NOW()),
       (57, 7, 2, 5, 0.00, NOW(), NOW()),
       (58, 7, 2, 6, 0.00, NOW(), NOW()),
       (59, 7, 2, 7, 0.00, NOW(), NOW()),
       (60, 7, 2, 8, 0.00, NOW(), NOW()),
       (61, 7, 2, 9, 0.00, NOW(), NOW()),
       (62, 7, 2, 10, 0.00, NOW(), NOW()),
       (63, 7, 2, 11, 0.00, NOW(), NOW()),
       (64, 8, 1, 3, 0.00, NOW(), NOW()),
       (65, 8, 1, 4, 0.00, NOW(), NOW()),
       (66, 8, 1, 5, 0.00, NOW(), NOW()),
       (67, 8, 1, 6, 0.00, NOW(), NOW()),
       (68, 8, 1, 7, 0.00, NOW(), NOW()),
       (69, 8, 1, 8, 0.00, NOW(), NOW()),
       (70, 8, 1, 9, 0.00, NOW(), NOW()),
       (71, 8, 1, 10, 0.00, NOW(), NOW()),
       (72, 8, 1, 11, 0.00, NOW(), NOW()),
       (73, 9, 2, 3, 0.00, NOW(), NOW()),
       (74, 9, 2, 4, 0.00, NOW(), NOW()),
       (75, 9, 2, 5, 0.00, NOW(), NOW()),
       (76, 9, 2, 6, 0.00, NOW(), NOW()),
       (77, 9, 2, 7, 0.00, NOW(), NOW()),
       (78, 9, 2, 8, 0.00, NOW(), NOW()),
       (79, 9, 2, 9, 0.00, NOW(), NOW()),
       (80, 9, 2, 10, 0.00, NOW(), NOW()),
       (81, 9, 2, 11, 0.00, NOW(), NOW()),
       (82, 10, 1, 3, 0.00, NOW(), NOW()),
       (83, 10, 1, 4, 0.00, NOW(), NOW()),
       (84, 10, 1, 5, 0.00, NOW(), NOW()),
       (85, 10, 1, 6, 0.00, NOW(), NOW()),
       (86, 10, 1, 7, 0.00, NOW(), NOW()),
       (87, 10, 1, 8, 0.00, NOW(), NOW()),
       (88, 10, 1, 9, 0.00, NOW(), NOW()),
       (89, 10, 1, 10, 0.00, NOW(), NOW()),
       (90, 10, 1, 11, 0.00, NOW(), NOW());



INSERT INTO inventory (item_id, item_option_id, quantity)
VALUES (1, 1, 100),
       (1, 2, 100),
       (1, 3, 100),
       (1, 4, 100),
       (1, 5, 100),
       (1, 6, 100),
       (1, 7, 100),
       (1, 8, 100),
       (1, 9, 100),
       (2, 10, 100),
       (2, 11, 100),
       (2, 12, 100),
       (2, 13, 100),
       (2, 14, 100),
       (2, 15, 100),
       (2, 16, 100),
       (2, 17, 100),
       (2, 18, 100),
       (3, 19, 100),
       (3, 20, 100),
       (3, 21, 100),
       (3, 22, 100),
       (3, 23, 100),
       (3, 24, 100),
       (3, 25, 100),
       (3, 26, 100),
       (3, 27, 100),
       (4, 28, 100),
       (4, 29, 100),
       (4, 30, 100),
       (4, 31, 100),
       (4, 32, 100),
       (4, 33, 100),
       (4, 34, 100),
       (4, 35, 100),
       (4, 36, 100),
       (5, 37, 100),
       (5, 38, 100),
       (5, 39, 100),
       (5, 40, 100),
       (5, 41, 100),
       (5, 42, 100),
       (5, 43, 100),
       (5, 44, 100),
       (5, 45, 100),
       (6, 46, 100),
       (6, 47, 100),
       (6, 48, 100),
       (6, 49, 100),
       (6, 50, 100),
       (6, 51, 100),
       (6, 52, 100),
       (6, 53, 100),
       (6, 54, 100),
       (7, 55, 100),
       (7, 56, 100),
       (7, 57, 100),
       (7, 58, 100),
       (7, 59, 100),
       (7, 60, 100),
       (7, 61, 100),
       (7, 62, 100),
       (7, 63, 100),
       (8, 64, 100),
       (8, 65, 100),
       (8, 66, 100),
       (8, 67, 100),
       (8, 68, 100),
       (8, 69, 100),
       (8, 70, 100),
       (8, 71, 100),
       (8, 72, 100),
       (9, 73, 100),
       (9, 74, 100),
       (9, 75, 100),
       (9, 76, 100),
       (9, 77, 100),
       (9, 78, 100),
       (9, 79, 100),
       (9, 80, 100),
       (9, 81, 100),
       (10, 82, 100),
       (10, 83, 100),
       (10, 84, 100),
       (10, 85, 100),
       (10, 86, 100),
       (10, 87, 100),
       (10, 88, 100),
       (10, 89, 100),
       (10, 90, 100);



INSERT INTO stocktransaction_history (stocktransaction_history_id, item_id, item_option_id, admin_id, quantity_change,
                                      trasaction_type)
VALUES (1, 1, 1, 1, 100, 'IN'),
       (2, 1, 2, 1, 100, 'IN'),
       (3, 1, 3, 1, 100, 'IN'),
       (4, 1, 4, 1, 100, 'IN'),
       (5, 1, 5, 1, 100, 'IN'),
       (6, 1, 6, 1, 100, 'IN'),
       (7, 1, 7, 1, 100, 'IN'),
       (8, 1, 8, 1, 100, 'IN'),
       (9, 1, 9, 1, 100, 'IN'),
       (10, 2, 10, 1, 100, 'IN'),
       (11, 2, 11, 1, 100, 'IN'),
       (12, 2, 12, 1, 100, 'IN'),
       (13, 2, 13, 1, 100, 'IN'),
       (14, 2, 14, 1, 100, 'IN'),
       (15, 2, 15, 1, 100, 'IN'),
       (16, 2, 16, 1, 100, 'IN'),
       (17, 2, 17, 1, 100, 'IN'),
       (18, 2, 18, 1, 100, 'IN'),
       (19, 3, 19, 1, 100, 'IN'),
       (20, 3, 20, 1, 100, 'IN'),
       (21, 3, 21, 1, 100, 'IN'),
       (22, 3, 22, 1, 100, 'IN'),
       (23, 3, 23, 1, 100, 'IN'),
       (24, 3, 24, 1, 100, 'IN'),
       (25, 3, 25, 1, 100, 'IN'),
       (26, 3, 26, 1, 100, 'IN'),
       (27, 3, 27, 1, 100, 'IN'),
       (28, 4, 28, 1, 100, 'IN'),
       (29, 4, 29, 1, 100, 'IN'),
       (30, 4, 30, 1, 100, 'IN'),
       (31, 4, 31, 1, 100, 'IN'),
       (32, 4, 32, 1, 100, 'IN'),
       (33, 4, 33, 1, 100, 'IN'),
       (34, 4, 34, 1, 100, 'IN'),
       (35, 4, 35, 1, 100, 'IN'),
       (36, 4, 36, 1, 100, 'IN'),
       (37, 5, 37, 1, 100, 'IN'),
       (38, 5, 38, 1, 100, 'IN'),
       (39, 5, 39, 1, 100, 'IN'),
       (40, 5, 40, 1, 100, 'IN'),
       (41, 5, 41, 1, 100, 'IN'),
       (42, 5, 42, 1, 100, 'IN'),
       (43, 5, 43, 1, 100, 'IN'),
       (44, 5, 44, 1, 100, 'IN'),
       (45, 5, 45, 1, 100, 'IN'),
    (46, 6, 46, 1, 100, 'IN'),
(47, 6, 47, 1, 100, 'IN'),
(48, 6, 48, 1, 100, 'IN'),
(49, 6, 49, 1, 100, 'IN'),
(50, 6, 50, 1, 100, 'IN'),
(51, 6, 51, 1, 100, 'IN'),
(52, 6, 52, 1, 100, 'IN'),
(53, 6, 53, 1, 100, 'IN'),
(54, 6, 54, 1, 100, 'IN'),
       (55, 7, 55, 1, 100, 'IN'),
       (56, 7, 56, 1, 100, 'IN'),
       (57, 7, 57, 1, 100, 'IN'),
       (58, 7, 58, 1, 100, 'IN'),
       (59, 7, 59, 1, 100, 'IN'),
       (60, 7, 60, 1, 100, 'IN'),
       (61, 7, 61, 1, 100, 'IN'),
       (62, 7, 62, 1, 100, 'IN'),
       (63, 7, 63, 1, 100, 'IN'),
       (64, 8, 64, 1, 100, 'IN'),
       (65, 8, 65, 1, 100, 'IN'),
       (66, 8, 66, 1, 100, 'IN'),
       (67, 8, 67, 1, 100, 'IN'),
       (68, 8, 68, 1, 100, 'IN'),
       (69, 8, 69, 1, 100, 'IN'),
       (70, 8, 70, 1, 100, 'IN'),
       (71, 8, 71, 1, 100, 'IN'),
       (72, 8, 72, 1, 100, 'IN'),
       (73, 9, 73, 1, 100, 'IN'),
       (74, 9, 74, 1, 100, 'IN'),
       (75, 9, 75, 1, 100, 'IN'),
       (76, 9, 76, 1, 100, 'IN'),
       (77, 9, 77, 1, 100, 'IN'),
       (78, 9, 78, 1, 100, 'IN'),
       (79, 9, 79, 1, 100, 'IN'),
       (80, 9, 80, 1, 100, 'IN'),
       (81, 9, 81, 1, 100, 'IN'),
       (82, 10, 82, 1, 100, 'IN'),
       (83, 10, 83, 1, 100, 'IN'),
       (84, 10, 84, 1, 100, 'IN'),
       (85, 10, 85, 1, 100, 'IN'),
       (86, 10, 86, 1, 100, 'IN'),
       (87, 10, 87, 1, 100, 'IN'),
       (88, 10, 88, 1, 100, 'IN'),
       (89, 10, 89, 1, 100, 'IN'),
       (90, 10, 90, 1, 100, 'IN');


INSERT INTO `grade_change_history` (`grade_history_id`, `user_grade_id`, `grade_change_at`, `created_at`, `updated_at`)
VALUES (1, 2, '2023-06-01 10:00:00', '2023-06-01 10:00:00', '2023-06-01 10:00:00'), -- user 2: BRONZE → SILVER
       (2, 3, '2023-07-15 11:30:00', '2023-07-15 11:30:00', '2023-07-15 11:30:00'), -- user 3: SILVER → GOLD
       (3, 6, '2023-08-10 09:00:00', '2023-08-10 09:00:00', '2023-08-10 09:00:00'), -- user 6: SILVER → GOLD
       (4, 7, '2023-09-01 13:00:00', '2023-09-01 13:00:00', '2023-09-01 13:00:00'), -- user 7: GOLD → VIP
       (5, 10, '2024-01-01 12:00:00', '2024-01-01 12:00:00', '2024-01-01 12:00:00'); -- user 10: SILVER → GOLD


INSERT INTO cart (cart_id, user_id, item_id, item_option_id, quantity, added_at, created_at, updated_at)
VALUES (1, 1, 1, 1, 2, '2025-06-18 10:00:00', '2025-06-18 10:00:00', '2025-06-18 10:00:00'),
       (2, 1, 1, 3, 1, '2025-06-18 10:01:00', '2025-06-18 10:01:00', '2025-06-18 10:01:00'),
       (3, 2, 1, 5, 1, '2025-06-18 10:02:00', '2025-06-18 10:02:00', '2025-06-18 10:02:00'),
       (4, 2, 1, 7, 2, '2025-06-18 10:03:00', '2025-06-18 10:03:00', '2025-06-18 10:03:00'),
       (5, 3, 1, 10, 1, '2025-06-18 10:04:00', '2025-06-18 10:04:00', '2025-06-18 10:04:00'),
       (6, 3, 2, 20, 3, '2025-06-18 10:05:00', '2025-06-18 10:05:00', '2025-06-18 10:05:00'),
       (7, 4, 2, 23, 1, '2025-06-18 10:06:00', '2025-06-18 10:06:00', '2025-06-18 10:06:00'),
       (8, 4, 2, 26, 2, '2025-06-18 10:07:00', '2025-06-18 10:07:00', '2025-06-18 10:07:00'),
       (9, 5, 2, 30, 1, '2025-06-18 10:08:00', '2025-06-18 10:08:00', '2025-06-18 10:08:00'),
       (10, 5, 2, 31, 2, '2025-06-18 10:09:00', '2025-06-18 10:09:00', '2025-06-18 10:09:00');



INSERT INTO `order` (order_id, user_id, status, items_price, delivery_fee, created_at, updated_at)
VALUES (1, 101, 'PAID', 50000.00, 3000.00, NOW(), NOW()),
       (2, 102, 'PROCESSING', 75000.00, 2500.00, NOW(), NOW()),
       (3, 103, 'SHIPPED', 120000.00, 0.00, NOW(), NOW()),
       (4, 104, 'DELIVERED', 90000.00, 3500.00, NOW(), NOW()),
       (5, 105, 'CANCELLED', 45000.00, 3000.00, NOW(), NOW()),
       (6, 106, 'PAID', 68000.00, 2500.00, NOW(), NOW()),
       (7, 107, 'PROCESSING', 43000.00, 3000.00, NOW(), NOW()),
       (8, 108, 'SHIPPED', 99000.00, 0.00, NOW(), NOW()),
       (9, 109, 'DELIVERED', 54000.00, 2000.00, NOW(), NOW()),
       (10, 110, 'CANCELLED', 120000.00, 3500.00, NOW(), NOW());


INSERT INTO order_item (item_sequence, order_id, item_id, status, delay_reason, price)
VALUES (1, 1, 101, 'PAID', NULL, 20000.00),
       (2, 1, 102, 'PAID', NULL, 19000.00),
       (3, 1, 103, 'PAID', NULL, 20000.00),
       (1, 2, 104, 'PROCESSING', 'OUT_OF_STOCK', 30000.00),
       (2, 2, 105, 'PROCESSING', NULL, 35000.00),
       (1, 3, 106, 'SHIPPED', NULL, 30000.00),
       (2, 3, 107, 'SHIPPED', 'QUALITY_CHECK', 37000.00),
       (1, 4, 108, 'DELIVERED', NULL, 15000.00),
       (2, 4, 109, 'DELIVERED', NULL, 18000.00),
       (3, 4, 110, 'DELIVERED', NULL, 25000.00),
       (1, 5, 111, 'CANCELLED', 'ADDRESS_ISSUE', 20000.00),
       (2, 5, 112, 'CANCELLED', NULL, 22000.00),
       (1, 6, 113, 'PENDING', NULL, 20000.00),
       (2, 6, 114, 'PENDING', 'WAREHOUSE_OVERLOAD', 25000.00),
       (1, 7, 115, 'RETURNED', NULL, 18000.00),
       (2, 7, 116, 'RETURNED', NULL, 19000.00),
       (3, 7, 117, 'RETURNED', 'ETC', 19000.00),
       (1, 8, 118, 'COMPLETED', NULL, 22000.00),
       (2, 8, 119, 'COMPLETED', NULL, 25000.00),
       (1, 9, 120, 'CANCELLED', NULL, 20000.00),
       (2, 9, 121, 'PAID', NULL, 23000.00),
       (1, 10, 122, 'RETURNED', NULL, 30000.00),
       (2, 10, 123, 'COMPLETED', NULL, 25000.00),
       (3, 10, 124, 'COMPLETED', NULL, 13000.00);


INSERT INTO payment_method (payment_method_id, user_id, payment_method, card_company_code, card_number,
                            bank_code, account_number, user_cash_receipt_number,
                            user_taxpayer_identification_number, billing_key,
                            is_default, is_active, pay_deny_reason, payment_owner_type,
                            created_at, updated_at)
VALUES
-- 카드 결제 수단
(1, 1, 'CREDIT_CARD', 'CC010', '1234-5678-1234-5678', NULL, NULL, '01012345678', NULL, 'BILLKEY001', true, true, NULL,
 'INDIVIDUAL', NOW(), NOW()),
(2, 2, 'CREDIT_CARD', 'CC020', '9876-5432-1234-5678', NULL, NULL, '01098765432', NULL, 'BILLKEY002', false, true,
 'CARD_EXPIRED', 'INDIVIDUAL', NOW(), NOW()),
-- 은행 계좌 결제 수단
(3, 3, 'BANK_TRANSFER', NULL, NULL, 'BANK001', '110-234-567890', NULL, '109-82-1234567', NULL, true, true, NULL,
 'CORPORATE', NOW(), NOW()),
(4, 4, 'BANK_TRANSFER', NULL, NULL, 'BANK002', '333-22-444444', NULL, '209-55-3333333', NULL, false, true,
 'INSUFFICIENT_FUNDS', 'INDIVIDUAL', NOW(), NOW()),
-- 카드 결제 실패된 경우
(5, 5, 'CREDIT_CARD', 'CC030', '1111-2222-3333-4444', NULL, NULL, NULL, NULL, NULL, true, false, 'INVALID_CARD',
 'INDIVIDUAL', NOW(), NOW());


INSERT INTO notice (notice_id, admin_id, title, content, view_count, status, is_pinned, created_at, updated_at)
VALUES (1, 1, '정기 점검 안내', '서비스 점검으로 인해 6월 30일 00시~06시까지 이용이 제한됩니다.', 123, 'ACTIVE', true, NOW(), NOW()),
       (2, 2, '배송 지연 공지', '택배사 물류 폭주로 인해 일부 지역 배송이 지연됩니다.', 87, 'ACTIVE', false, NOW(), NOW()),
       (3, 3, '고객센터 휴무 안내', '7월 1일은 내부 워크숍으로 인해 고객센터가 운영되지 않습니다.', 45, 'INACTIVE', false, NOW(), NOW());
