INSERT INTO `User` (`user_id`, `email`, `password`, `pre_password`, `name`, `resident_registration_number`,
                    `phone_number`, `gender`, `registration_at`, `user_id_creation_at`, `sms_marketing_status`,
                    `email_marketing_status`, `customer_status`, `is_withdrawal`, `withdrawal_at`, `withdrawal_reason`,
                    `role`, `created_at`, `updated_at`)
VALUES (1, 'kim.mj@example.com', 'hashed_password_1', NULL, '김민준', NULL, '010-1111-1111', 'M', '2023-01-15 10:00:00',
        '2023-01-15 10:00:00', TRUE, TRUE, 'ACTIVE', FALSE, NULL, NULL, 'CUSTOMER', '2023-01-15 10:00:00',
        '2023-01-15 10:00:00'),
       (2, 'park.sy@example.com', 'hashed_password_2', NULL, '박서연', NULL, '010-2222-2222', 'F', '2023-02-20 11:30:00',
        '2023-02-20 11:30:00', FALSE, TRUE, 'ACTIVE', FALSE, NULL, NULL, 'CUSTOMER', '2023-02-20 11:30:00',
        '2023-02-20 11:30:00'),
       (3, 'lee.dy@example.com', 'hashed_password_3', NULL, '이도윤', NULL, '010-3333-3333', 'M', '2023-03-10 14:00:00',
        '2023-03-10 14:00:00', TRUE, FALSE, 'ACTIVE', FALSE, NULL, NULL, 'CUSTOMER', '2023-03-10 14:00:00',
        '2023-03-10 14:00:00'),
       (4, 'jung.he@example.com', 'hashed_password_4', NULL, '정하은', NULL, '010-4444-4444', 'F', '2023-04-05 09:15:00',
        '2023-04-05 09:15:00', TRUE, TRUE, 'SUSPENDED', FALSE, NULL, NULL, 'CUSTOMER', '2023-04-05 09:15:00',
        '2024-05-01 10:00:00'),
       (5, 'choi.jw@example.com', 'hashed_password_5', NULL, '최준우', NULL, '010-5555-5555', 'M', '2023-05-18 16:45:00',
        '2023-05-18 16:45:00', FALSE, FALSE, 'ACTIVE', FALSE, NULL, NULL, 'CUSTOMER', '2023-05-18 16:45:00',
        '2023-05-18 16:45:00'),
       (6, 'kim.jy@example.com', 'hashed_password_6', NULL, '김지유', NULL, '010-6666-6666', 'F', '2023-06-25 10:00:00',
        '2023-06-25 10:00:00', TRUE, TRUE, 'ACTIVE', FALSE, NULL, NULL, 'CUSTOMER', '2023-06-25 10:00:00',
        '2023-06-25 10:00:00'),
       (7, 'park.sj@example.com', 'hashed_password_7', NULL, '박서준', NULL, '010-7777-7777', 'M', '2023-07-12 13:00:00',
        '2023-07-12 13:00:00', FALSE, TRUE, 'ACTIVE', FALSE, NULL, NULL, 'CUSTOMER', '2023-07-12 13:00:00',
        '2023-07-12 13:00:00'),
       (8, 'lee.sw@example.com', 'hashed_password_8', NULL, '이시우', NULL, '010-8888-8888', 'F', '2023-08-01 15:30:00',
        '2023-08-01 15:30:00', TRUE, FALSE, 'ACTIVE', FALSE, NULL, NULL, 'CUSTOMER', '2023-08-01 15:30:00',
        '2023-08-01 15:30:00'),
       (9, 'jung.sm@example.com', 'hashed_password_9', NULL, '정수민', NULL, '010-9999-9999', 'M', '2023-09-03 11:00:00',
        '2023-09-03 11:00:00', TRUE, TRUE, 'LOCKED', FALSE, NULL, NULL, 'CUSTOMER', '2023-09-03 11:00:00',
        '2024-06-10 09:00:00'),
       (10, 'choi.yn@example.com', 'hashed_password_10', NULL, '최예나', NULL, '010-1010-1010', 'F', '2023-10-11 17:00:00',
        '2023-10-11 17:00:00', FALSE, FALSE, 'ACTIVE', FALSE, NULL, NULL, 'CUSTOMER', '2023-10-11 17:00:00',
        '2023-10-11 17:00:00'),
       (11, 'admin@example.com', 'hashed_admin_password', NULL, '관리자', NULL, '010-0000-0000', 'M',
        '2023-01-01 09:00:00', '2023-01-01 09:00:00', FALSE, FALSE, 'ACTIVE', FALSE, NULL, NULL, 'ADMIN',
        '2023-01-01 09:00:00', '2023-01-01 09:00:00'),
       (12, 'staff1@example.com', 'hashed_staff_password_1', NULL, '스태프1', NULL, '010-1234-5678', 'F',
        '2023-02-01 09:00:00', '2023-02-01 09:00:00', FALSE, FALSE, 'ACTIVE', FALSE, NULL, NULL, 'EMPLOYEE',
        '2023-02-01 09:00:00', '2023-02-01 09:00:00'),
       (13, 'kim.th@example.com', 'hashed_password_13', NULL, '김태희', NULL, '010-1313-1313', 'F', '2024-01-05 10:00:00',
        '2024-01-05 10:00:00', TRUE, TRUE, 'ACTIVE', FALSE, NULL, NULL, 'CUSTOMER', '2024-01-05 10:00:00',
        '2024-01-05 10:00:00'),
       (14, 'park.jh@example.com', 'hashed_password_14', NULL, '박지훈', NULL, '010-1414-1414', 'M', '2024-02-14 14:00:00',
        '2024-02-14 14:00:00', FALSE, TRUE, 'ACTIVE', FALSE, NULL, NULL, 'CUSTOMER', '2024-02-14 14:00:00',
        '2024-02-14 14:00:00'),
       (15, 'lee.sy@example.com', 'hashed_password_15', NULL, '이서연', NULL, '010-1515-1515', 'F', '2024-03-21 11:00:00',
        '2024-03-21 11:00:00', TRUE, FALSE, 'ACTIVE', FALSE, NULL, NULL, 'CUSTOMER', '2024-03-21 11:00:00',
        '2024-03-21 11:00:00'),
       (16, 'jung.wj@example.com', 'hashed_password_16', NULL, '정우진', NULL, '010-1616-1616', 'M', '2024-04-01 09:30:00',
        '2024-04-01 09:30:00', TRUE, TRUE, 'ACTIVE', FALSE, NULL, NULL, 'CUSTOMER', '2024-04-01 09:30:00',
        '2024-04-01 09:30:00'),
       (17, 'choi.yj@example.com', 'hashed_password_17', NULL, '최유진', NULL, '010-1717-1717', 'F', '2024-05-08 16:00:00',
        '2024-05-08 16:00:00', FALSE, FALSE, 'ACTIVE', FALSE, NULL, NULL, 'CUSTOMER', '2024-05-08 16:00:00',
        '2024-05-08 16:00:00'),
       (18, 'kim.dh@example.com', 'hashed_password_18', NULL, '김도현', NULL, '010-1818-1818', 'M', '2024-06-18 10:00:00',
        '2024-06-18 10:00:00', TRUE, TRUE, 'ACTIVE', FALSE, NULL, NULL, 'CUSTOMER', '2024-06-18 10:00:00',
        '2024-06-18 10:00:00'),
       (19, 'park.mj@example.com', 'hashed_password_19', NULL, '박민지', NULL, '010-1919-1919', 'F', '2024-06-18 10:05:00',
        '2024-06-18 10:05:00', FALSE, TRUE, 'ACTIVE', FALSE, NULL, NULL, 'CUSTOMER', '2024-06-18 10:05:00',
        '2024-06-18 10:05:00'),
       (20, 'lee.gw@example.com', 'hashed_password_20', NULL, '이건우', NULL, '010-2020-2020', 'M', '2024-06-18 10:10:00',
        '2024-06-18 10:10:00', TRUE, FALSE, 'ACTIVE', FALSE, NULL, NULL, 'CUSTOMER', '2024-06-18 10:10:00',
        '2024-06-18 10:10:00');


INSERT INTO admin (admin_id, role, email, status, created_at, updated_at)
VALUES (1, 'ADMINISTRATOR', 'admin@shop.com', 'ACTIVE', NOW(), NOW()),
       (2, 'SHIPMENT_MANAGER', 'shipping@shop.com', 'ACTIVE', NOW(), NOW()),
       (3, 'CS_MANAGER', 'cs@shop.com', 'ON_LEAVE', NOW(), NOW());

INSERT INTO category (category_id, parent_category_id, name, depth)
VALUES (1, NULL, '샌들', 1),
       (2, 1, '오리지널', 2),
       (3, 1, '크로스', 2),
       (4, 1, '미라마', 2),
       (5, 1, '듄', 2),
       (6, 1, '레이아', 2),
       (7, 1, '스파이더', 2),
       (8, 1, '노이', 2),
       (9, 2, '1.5CM', 3),
       (10, 2, '5CM', 3),
       (11, 2, '7CM', 3),
       (12, 3, '1.5CM', 3),
       (13, 3, '5CM', 3),
       (14, 3, '7CM', 3),
       (15, 4, '1.5CM', 3),
       (16, 4, '5CM', 3),
       (17, 4, '7CM', 3),
       (18, 5, '1.5CM', 3),
       (19, 5, '5CM', 3),
       (20, 5, '7CM', 3),
       (21, 6, '1.5CM', 3),
       (22, 6, '5CM', 3),
       (23, 6, '7CM', 3),
       (24, 7, '1.5CM', 3),
       (25, 7, '5CM', 3),
       (26, 7, '7CM', 3),
       (27, 8, '1.5CM', 3),
       (28, 8, '5CM', 3),
       (29, 8, '7CM', 3);

INSERT INTO `option` (option_id, type, value, created_at, updated_at)
VALUES (1, 'COLOR', '블랙', NOW(), NOW()),
       (2, 'COLOR', '화이트', NOW(), NOW()),
       (3, 'SIZE', '200MM', NOW(), NOW()),
       (4, 'SIZE', '210MM', NOW(), NOW()),
       (5, 'SIZE', '220MM', NOW(), NOW()),
       (6, 'SIZE', '230MM', NOW(), NOW()),
       (7, 'SIZE', '240MM', NOW(), NOW()),
       (8, 'SIZE', '250MM', NOW(), NOW()),
       (9, 'SIZE', '260MM', NOW(), NOW()),
       (10, 'SIZE', '270MM', NOW(), NOW()),
       (11, 'SIZE', '280MM', NOW(), NOW());

INSERT INTO item (item_id, category_id, name, image, description, price, status, grade,
                  manufacture_country, is_best_seller, is_new, created_at, updated_at)
VALUES (1, 9, '오리지널 화이트 [1.5CM]', 'image/item1.jpg', '오리지널 시리즈 화이트 색상 1.5CM 굽 샌들입니다.', 59000.00, 'ON_SALE', 'A',
        'KOREA', true, true, NOW(), NOW()),
       (2, 10, '오리지널 블랙 [5CM]', 'image/item2.jpg', '오리지널 시리즈 블랙 색상 5CM 굽 샌들입니다.', 65000.00, 'ON_SALE', 'B', 'KOREA',
        false, true, NOW(), NOW()),
       (3, 14, '크로스 화이트 [7CM]', 'image/item3.jpg', '크로스 시리즈 화이트 색상 7CM 굽 샌들입니다.', 67000.00, 'OUT_OF_STOCK', 'A',
        'VIETNAM', false, false, NOW(), NOW()),
       (4, 15, '미라마 블랙 [1.5CM]', 'image/item4.jpg', '미라마 시리즈 블랙 색상 1.5CM 굽 샌들입니다.', 58000.00, 'ON_SALE', 'B', 'CHINA',
        true, false, NOW(), NOW()),
       (5, 19, '듄 화이트 [5CM]', 'image/item5.jpg', '듄 시리즈 화이트 색상 5CM 굽 샌들입니다.', 64000.00, 'QUALITY_CHECK', 'B', 'KOREA',
        false, true, NOW(), NOW()),
       (6, 22, '레이아 블랙 [5CM]', 'image/item6.jpg', '레이아 시리즈 블랙 색상 5CM 굽 샌들입니다.', 62000.00, 'ON_SALE', 'C', 'INDONESIA',
        false, false, NOW(), NOW()),
       (7, 27, '노이 화이트 [1.5CM]', 'image/item7.jpg', '노이 시리즈 화이트 색상 1.5CM 굽 샌들입니다.', 56000.00, 'ON_SALE', 'B', 'KOREA',
        false, false, NOW(), NOW()),
       (8, 11, '오리지널 블랙 [7CM]', 'image/item8.jpg', '오리지널 시리즈 블랙 색상 7CM 굽 샌들입니다.', 67000.00, 'ADDRESS_ISSUE', 'A',
        'KOREA', true, false, NOW(), NOW()),
       (9, 25, '스파이더 화이트 [5CM]', 'image/item9.jpg', '스파이더 시리즈 화이트 색상 5CM 굽 샌들입니다.', 63000.00, 'WAREHOUSE_OVERLOAD', 'A',
        'VIETNAM', false, true, NOW(), NOW()),
       (10, 29, '노이 블랙 [7CM]', 'image/item10.jpg', '노이 시리즈 블랙 색상 7CM 굽 샌들입니다.', 68000.00, 'ETC', 'C', 'CHINA', false,
        false, NOW(), NOW());


INSERT INTO `user_grade` (`user_grade_id`, `user_id`, `grade`, `grade_benefit`, `created_at`, `updated_at`)
VALUES (1, 1, 'BRONZE', 1, '2023-01-15 10:00:00', '2023-01-15 10:00:00'),
       (2, 2, 'SILVER', 3, '2023-02-20 11:30:00', '2023-02-20 11:30:00'),
       (3, 3, 'GOLD', 5, '2023-03-10 14:00:00', '2023-03-10 14:00:00'),
       (4, 4, 'SILVER', 3, '2023-04-05 09:15:00', '2023-04-05 09:15:00'),
       (5, 5, 'BRONZE', 1, '2023-05-18 16:45:00', '2023-05-18 16:45:00'),
       (6, 6, 'GOLD', 5, '2023-06-25 10:00:00', '2023-06-25 10:00:00'),
       (7, 7, 'VIP', 7, '2023-07-12 13:00:00', '2023-07-12 13:00:00'),
       (8, 8, 'SILVER', 3, '2023-08-01 15:30:00', '2023-08-01 15:30:00'),
       (9, 9, 'BRONZE', 1, '2023-09-03 11:00:00', '2023-09-03 11:00:00'),
       (10, 10, 'GOLD', 5, '2023-10-11 17:00:00', '2023-10-11 17:00:00');



INSERT INTO delivery_address (delivery_address_id, user_id, recipient_name, recipient_phone_number, postal_code,
                              main_address, detailed_addres, is_default, is_active, created_at, updated_at)
VALUES (1, 1, '김민준', '010-1111-1111', '04524', '서울특별시 중구 세종대로 110', '15층 1501호', true, true, '2023-01-15 10:05:00',
        '2023-01-15 10:05:00'),
       (2, 1, '김민준', '010-1111-1111', '06236', '서울특별시 강남구 테헤란로 212', '센트럴타워 12층', false, true, '2023-02-01 09:00:00',
        '2023-02-01 09:00:00'),

       (3, 2, '박서연', '010-2222-2222', '04174', '서울특별시 마포구 월드컵북로 396', '2동 201호', true, true, '2023-02-20 11:35:00',
        '2023-02-20 11:35:00'),

       (4, 3, '이도윤', '010-3333-3333', '02841', '서울특별시 성북구 안암로 145', '제1기숙사 302호', true, true, '2023-03-10 14:10:00',
        '2023-03-10 14:10:00'),

       (5, 5, '최준우', '010-5555-5555', '08376', '서울특별시 구로구 디지털로26길 72', '702호', true, true, '2023-05-18 17:00:00',
        '2023-05-18 17:00:00'),

       (6, 6, '김지유', '010-6666-6666', '03127', '서울특별시 종로구 종로 1', '종로타워 8층', true, true, '2023-06-25 10:10:00',
        '2023-06-25 10:10:00'),

       (7, 7, '박서준', '010-7777-7777', '03722', '서울특별시 서대문구 연세로 50', '공학원 301호', true, true, '2023-07-12 13:10:00',
        '2023-07-12 13:10:00'),

       (8, 8, '이시우', '010-8888-8888', '06130', '서울특별시 강남구 영동대로 513', '삼성동 무역센터 25층', true, true, '2023-08-01 15:35:00',
        '2023-08-01 15:35:00'),
       (9, 8, '이시우', '010-8888-8888', '06675', '서울특별시 서초구 서초대로 396', '서초역 인근 101호', false, true, '2023-09-01 09:00:00',
        '2023-09-01 09:00:00'),

       (10, 10, '최예나', '010-1010-1010', '03974', '서울특별시 은평구 통일로 1010', '삼익APT 301동 1502호', true, true,
        '2023-10-11 17:10:00', '2023-10-11 17:10:00'),

       (11, 13, '김태희', '010-1313-1313', '06578', '서울특별시 서초구 반포대로 222', '래미안 101동 1004호', true, true,
        '2024-01-05 10:05:00', '2024-01-05 10:05:00'),

       (12, 14, '박지훈', '010-1414-1414', '07212', '서울특별시 영등포구 선유로 200', '우리타워 3층', true, true, '2024-02-14 14:10:00',
        '2024-02-14 14:10:00'),

       (13, 15, '이서연', '010-1515-1515', '08504', '서울특별시 금천구 가산디지털1로 168', '우림라이온스밸리 B동 707호', true, true,
        '2024-03-21 11:10:00', '2024-03-21 11:10:00'),

       (14, 16, '정우진', '010-1616-1616', '04991', '서울특별시 광진구 능동로 209', '건대입구역 5번출구 앞 203호', true, true,
        '2024-04-01 09:40:00', '2024-04-01 09:40:00'),

       (15, 18, '김도현', '010-1818-1818', '04790', '서울특별시 성동구 아차산로 17', '성수IT밸리 902호', true, true, '2024-06-18 10:10:00',
        '2024-06-18 10:10:00');



INSERT INTO wish_list (wish_list_id, user_id, item_id, added_at, created_at, updated_at)
VALUES (1, 1, 3, '2024-06-01 10:00:00', '2024-06-01 10:00:00', '2024-06-01 10:00:00'),
       (2, 2, 1, '2024-06-02 11:30:00', '2024-06-02 11:30:00', '2024-06-02 11:30:00'),
       (3, 3, 5, '2024-06-03 14:00:00', '2024-06-03 14:00:00', '2024-06-03 14:00:00'),
       (4, 4, 2, '2024-06-04 09:15:00', '2024-06-04 09:15:00', '2024-06-04 09:15:00'),
       (5, 5, 7, '2024-06-05 16:45:00', '2024-06-05 16:45:00', '2024-06-05 16:45:00'),
       (6, 6, 4, '2024-06-06 10:00:00', '2024-06-06 10:00:00', '2024-06-06 10:00:00'),
       (7, 7, 6, '2024-06-07 13:00:00', '2024-06-07 13:00:00', '2024-06-07 13:00:00'),
       (8, 8, 8, '2024-06-08 15:30:00', '2024-06-08 15:30:00', '2024-06-08 15:30:00'),
       (9, 9, 10, '2024-06-09 11:00:00', '2024-06-09 11:00:00', '2024-06-09 11:00:00'),
       (10, 10, 9, '2024-06-10 17:00:00', '2024-06-10 17:00:00', '2024-06-10 17:00:00');


INSERT INTO review (item_id, user_id, rating, title, content, image, view, is_hidden, created_at, updated_at)
VALUES (1, 1, 5, '정말 편하고 좋아요!', '오리지널 화이트 샌들 정말 편해요. 발에 딱 맞고 디자인도 예쁩니다.', 'image/review1.jpg', 12, FALSE,
        '2024-06-01 10:00:00', '2024-06-01 10:00:00'),
       (1, 3, 5, '매일 신고 있어요!', '진짜 편해서 출근할 때마다 신어요. 굽도 안정적이고 발이 안 아파요.', 'image/review1-1.jpg', 14, FALSE,
        '2024-06-11 10:00:00', '2024-06-11 10:00:00'),
       (1, 6, 4, '예쁜데 사이즈 참고하세요', '디자인은 정말 예쁜데 발볼이 넓은 분들은 반 사이즈 업 추천해요.', NULL, 6, FALSE, '2024-06-12 12:30:00',
        '2024-06-12 12:30:00'),
       (1, 9, 3, '그럭저럭 괜찮아요', '기대보단 평범했지만 가격 생각하면 나쁘지 않아요. 배송은 빨랐어요.', NULL, 3, FALSE, '2024-06-13 15:45:00',
        '2024-06-13 15:45:00'),
       (2, 2, 4, '예쁘긴 한데 조금 무거워요', '디자인은 예쁜데 살짝 무거운 느낌이 있어요. 그래도 만족합니다.', 'image/review2.jpg', 8, FALSE,
        '2024-06-02 11:00:00', '2024-06-02 11:00:00'),
       (2, 4, 5, '완전 마음에 들어요', '고급스러운 블랙 색상에 굽도 적당해서 직장용으로 딱이에요.', 'image/review2-2.jpg', 11, FALSE,
        '2024-06-15 09:30:00', '2024-06-15 09:30:00'),
       (2, 5, 3, '조금 딱딱한 감은 있어요', '디자인은 만족하지만 착화감은 개인차가 있을 것 같아요.', NULL, 4, FALSE, '2024-06-16 13:15:00',
        '2024-06-16 13:15:00'),
       (3, 3, 2, '아쉽네요', '기대한 것보다 품질이 별로였어요. 굽이 약간 불편해요.', NULL, 5, FALSE, '2024-06-03 13:30:00',
        '2024-06-03 13:30:00'),
       (3, 6, 4, '굽이 높지만 안정적이에요', '7CM인데도 흔들림 없고 디자인도 깔끔해서 좋았어요.', 'image/review3-2.jpg', 7, FALSE,
        '2024-06-15 15:10:00', '2024-06-15 15:10:00'),
       (3, 7, 2, '불편해서 반품했어요', '제 발엔 안 맞았는지 오래 신으니 아팠어요. 개인차는 있겠죠.', NULL, 2, FALSE, '2024-06-16 08:50:00',
        '2024-06-16 08:50:00'),
       (4, 4, 5, '가볍고 편해요', '미라마 샌들 너무 가볍고 착용감이 좋아요. 데일리로 최고입니다.', 'image/review4.jpg', 20, FALSE,
        '2024-06-04 09:45:00', '2024-06-04 09:45:00'),
       (5, 5, 3, '무난한 제품이에요', '기대보다는 평범하지만 편하긴 해요. 가격 대비 괜찮아요.', NULL, 3, FALSE, '2024-06-05 10:00:00',
        '2024-06-05 10:00:00'),
       (6, 6, 4, '편하고 예쁨', '레이아 샌들 디자인도 예쁘고 착화감도 좋아요. 추천합니다.', 'image/review6.jpg', 7, FALSE, '2024-06-06 14:00:00',
        '2024-06-06 14:00:00'),
       (7, 7, 5, '매우 만족', '노이 시리즈 중에 제일 만족한 제품입니다. 발볼도 편해요.', NULL, 10, FALSE, '2024-06-07 11:30:00',
        '2024-06-07 11:30:00'),
       (8, 8, 1, '배송 문제가 있었어요', '제품 자체는 괜찮았지만 배송 지연이 심했어요.', NULL, 2, TRUE, '2024-06-08 16:00:00',
        '2024-06-08 16:00:00'),
       (9, 9, 4, '괜찮은 선택이었어요', '처음엔 어색했는데 익숙해지니 편하네요.', 'image/review9.jpg', 6, FALSE, '2024-06-09 10:00:00',
        '2024-06-09 10:00:00');



INSERT INTO item_question (item_id, user_id, image, type, title, content, is_secret, created_at, updated_at)
VALUES (1, 1, NULL, 'PRODUCT', '제품 소재가 어떻게 되나요?', '이 신발의 소재가 무엇인지 궁금합니다.', FALSE, NOW(), NOW()),
       (2, 2, 'question_images/img_2_2.jpg', 'SIZE', '사이즈 문의', '평소 250 신는데 이 제품도 250이 맞나요?', FALSE, NOW(), NOW()),
       (3, 3, NULL, 'SHIPPING', '배송 기간 얼마나 걸리나요?', '평균 배송 기간을 알고 싶습니다.', FALSE, NOW(), NOW()),
       (4, 4, NULL, 'DELIVERY', '배송지 변경 가능한가요?', '주문 후 배송지 변경이 가능한지 문의드립니다.', TRUE, NOW(), NOW()),
       (5, 5, NULL, 'OTHER', '세일 예정 있나요?', '다가오는 시즌 세일 계획이 있나요?', FALSE, NOW(), NOW()),
       (6, 6, 'question_images/img_6_6.jpg', 'PRODUCT', '제품 색상 문의', '블랙 색상 외에 다른 색상도 출시되나요?', FALSE, NOW(), NOW()),
       (7, 7, NULL, 'SIZE', '사이즈 교환 정책이 궁금해요', '사이즈가 맞지 않을 때 교환 정책 알려주세요.', TRUE, NOW(), NOW()),
       (8, 8, NULL, 'SHIPPING', '국제 배송도 가능한가요?', '해외 배송이 가능한지 알고 싶습니다.', FALSE, NOW(), NOW()),
       (9, 9, NULL, 'DELIVERY', '배송 시간대 지정 가능?', '배송 시 시간대 지정이 가능한가요?', FALSE, NOW(), NOW()),
       (10, 10, 'question_images/img_10_10.jpg', 'OTHER', '제품 무게가 궁금해요', '이 신발의 무게가 어느 정도인지 알려주세요.', FALSE, NOW(),
        NOW());



INSERT INTO item_answer (item_question_id, admin_id, content, created_at, updated_at)
VALUES (1, 1, '이 제품은 천연 가죽과 합성 소재로 제작되었습니다.', NOW(), NOW()),
       (2, 2, '250 사이즈가 평소 신으시는 사이즈와 동일하게 제작되었습니다.', NOW(), NOW()),
       (3, 3, '평균 배송 기간은 3~5일 정도 소요됩니다.', NOW(), NOW()),
       (4, 3, '주문 후 배송지 변경은 출고 전까지 가능합니다. 고객센터로 연락 부탁드립니다.', NOW(), NOW()),
       (5, 1, '다가오는 시즌에 맞춰 다양한 세일 이벤트가 예정되어 있습니다. 홈페이지를 참고해주세요.', NOW(), NOW()),
       (6, 1, '현재 블랙 색상 외에도 화이트, 베이지 색상이 출시 예정입니다.', NOW(), NOW()),
       (7, 3, '사이즈가 맞지 않을 경우, 상품 수령 후 7일 이내에 교환 요청이 가능합니다.', NOW(), NOW()),
       (8, 2, '네, 국제 배송도 가능하며, 배송비 및 기간은 지역에 따라 다릅니다.', NOW(), NOW()),
       (10, 1, '이 신발의 무게는 약 350g으로 가볍고 편안한 착화감을 제공합니다.', NOW(), NOW());



INSERT INTO item_option (item_option_id, item_id, color_option_id, size_option_id, additional_price, created_at,
                         updated_at)
VALUES (1, 1, 1, 3, 0.00, '2025-06-18 08:33:51', '2025-06-18 08:33:51'),
       (2, 1, 1, 4, 0.00, '2025-06-18 08:33:51', '2025-06-18 08:33:51'),
       (3, 1, 1, 5, 0.00, '2025-06-18 08:33:51', '2025-06-18 08:33:51'),
       (4, 1, 1, 6, 0.00, '2025-06-18 08:33:51', '2025-06-18 08:33:51'),
       (5, 1, 1, 7, 0.00, '2025-06-18 08:33:51', '2025-06-18 08:33:51'),
       (6, 1, 1, 8, 0.00, '2025-06-18 08:33:51', '2025-06-18 08:33:51'),
       (7, 1, 1, 9, 0.00, '2025-06-18 08:33:51', '2025-06-18 08:33:51'),
       (8, 1, 1, 10, 0.00, '2025-06-18 08:33:51', '2025-06-18 08:33:51'),
       (9, 1, 1, 11, 0.00, '2025-06-18 08:33:51', '2025-06-18 08:33:51'),
       (10, 1, 2, 3, 0.00, '2025-06-18 08:33:51', '2025-06-18 08:33:51'),
       (11, 1, 2, 4, 0.00, '2025-06-18 08:33:51', '2025-06-18 08:33:51'),
       (12, 1, 2, 5, 0.00, '2025-06-18 08:33:51', '2025-06-18 08:33:51'),
       (13, 1, 2, 6, 0.00, '2025-06-18 08:33:51', '2025-06-18 08:33:51'),
       (14, 1, 2, 7, 0.00, '2025-06-18 08:33:51', '2025-06-18 08:33:51'),
       (15, 1, 2, 8, 0.00, '2025-06-18 08:33:51', '2025-06-18 08:33:51'),
       (16, 1, 2, 9, 0.00, '2025-06-18 08:33:51', '2025-06-18 08:33:51'),
       (17, 1, 2, 10, 0.00, '2025-06-18 08:33:51', '2025-06-18 08:33:51'),
       (18, 1, 2, 11, 0.00, '2025-06-18 08:33:51', '2025-06-18 08:33:51'),
       (19, 2, 1, 3, 0.00, '2025-06-18 08:33:51', '2025-06-18 08:33:51'),
       (20, 2, 1, 4, 0.00, '2025-06-18 08:33:51', '2025-06-18 08:33:51'),
       (21, 2, 1, 5, 0.00, '2025-06-18 08:33:51', '2025-06-18 08:33:51'),
       (22, 2, 1, 6, 0.00, '2025-06-18 08:33:51', '2025-06-18 08:33:51'),
       (23, 2, 1, 7, 0.00, '2025-06-18 08:33:51', '2025-06-18 08:33:51'),
       (24, 2, 1, 8, 0.00, '2025-06-18 08:33:51', '2025-06-18 08:33:51'),
       (25, 2, 1, 9, 0.00, '2025-06-18 08:33:51', '2025-06-18 08:33:51'),
       (26, 2, 1, 10, 0.00, '2025-06-18 08:33:51', '2025-06-18 08:33:51'),
       (27, 2, 1, 11, 0.00, '2025-06-18 08:33:51', '2025-06-18 08:33:51'),
       (28, 2, 2, 3, 0.00, '2025-06-18 08:33:51', '2025-06-18 08:33:51'),
       (29, 2, 2, 4, 0.00, '2025-06-18 08:33:51', '2025-06-18 08:33:51'),
       (30, 2, 2, 5, 0.00, '2025-06-18 08:33:51', '2025-06-18 08:33:51'),
       (31, 2, 2, 6, 0.00, '2025-06-18 08:33:51', '2025-06-18 08:33:51'),
       (32, 2, 2, 7, 0.00, '2025-06-18 08:33:51', '2025-06-18 08:33:51'),
       (33, 2, 2, 8, 0.00, '2025-06-18 08:33:51', '2025-06-18 08:33:51'),
       (34, 2, 2, 9, 0.00, '2025-06-18 08:33:51', '2025-06-18 08:33:51'),
       (35, 2, 2, 10, 0.00, '2025-06-18 08:33:51', '2025-06-18 08:33:51'),
       (36, 2, 2, 11, 0.00, '2025-06-18 08:33:51', '2025-06-18 08:33:51'),
       (37, 3, 1, 3, 0.00, '2025-06-18 08:33:51', '2025-06-18 08:33:51'),
       (38, 3, 1, 4, 0.00, '2025-06-18 08:33:51', '2025-06-18 08:33:51'),
       (39, 3, 1, 5, 0.00, '2025-06-18 08:33:51', '2025-06-18 08:33:51'),
       (40, 3, 1, 6, 0.00, '2025-06-18 08:33:51', '2025-06-18 08:33:51'),
       (41, 3, 1, 7, 0.00, '2025-06-18 08:33:51', '2025-06-18 08:33:51'),
       (42, 3, 1, 8, 0.00, '2025-06-18 08:33:51', '2025-06-18 08:33:51'),
       (43, 3, 1, 9, 0.00, '2025-06-18 08:33:51', '2025-06-18 08:33:51'),
       (44, 3, 1, 10, 0.00, '2025-06-18 08:33:51', '2025-06-18 08:33:51'),
       (45, 3, 1, 11, 0.00, '2025-06-18 08:33:51', '2025-06-18 08:33:51'),
       (46, 3, 2, 3, 0.00, '2025-06-18 08:33:51', '2025-06-18 08:33:51'),
       (47, 3, 2, 4, 0.00, '2025-06-18 08:33:51', '2025-06-18 08:33:51'),
       (48, 3, 2, 5, 0.00, '2025-06-18 08:33:51', '2025-06-18 08:33:51'),
       (49, 3, 2, 6, 0.00, '2025-06-18 08:33:51', '2025-06-18 08:33:51'),
       (50, 3, 2, 7, 0.00, '2025-06-18 08:33:51', '2025-06-18 08:33:51'),
       (51, 3, 2, 8, 0.00, '2025-06-18 08:33:51', '2025-06-18 08:33:51'),
       (52, 3, 2, 9, 0.00, '2025-06-18 08:33:51', '2025-06-18 08:33:51'),
       (53, 3, 2, 10, 0.00, '2025-06-18 08:33:51', '2025-06-18 08:33:51'),
       (54, 3, 2, 11, 0.00, '2025-06-18 08:33:51', '2025-06-18 08:33:51'),
       (55, 4, 1, 3, 0.00, '2025-06-18 08:33:51', '2025-06-18 08:33:51'),
       (56, 4, 1, 4, 0.00, '2025-06-18 08:33:51', '2025-06-18 08:33:51'),
       (57, 4, 1, 5, 0.00, '2025-06-18 08:33:51', '2025-06-18 08:33:51'),
       (58, 4, 1, 6, 0.00, '2025-06-18 08:33:51', '2025-06-18 08:33:51'),
       (59, 4, 1, 7, 0.00, '2025-06-18 08:33:51', '2025-06-18 08:33:51'),
       (60, 4, 1, 8, 0.00, '2025-06-18 08:33:51', '2025-06-18 08:33:51'),
       (61, 4, 1, 9, 0.00, '2025-06-18 08:33:51', '2025-06-18 08:33:51'),
       (62, 4, 1, 10, 0.00, '2025-06-18 08:33:51', '2025-06-18 08:33:51'),
       (63, 4, 1, 11, 0.00, '2025-06-18 08:33:51', '2025-06-18 08:33:51'),
       (64, 4, 2, 3, 0.00, '2025-06-18 08:33:51', '2025-06-18 08:33:51'),
       (65, 4, 2, 4, 0.00, '2025-06-18 08:33:51', '2025-06-18 08:33:51'),
       (66, 4, 2, 5, 0.00, '2025-06-18 08:33:51', '2025-06-18 08:33:51'),
       (67, 4, 2, 6, 0.00, '2025-06-18 08:33:51', '2025-06-18 08:33:51'),
       (68, 4, 2, 7, 0.00, '2025-06-18 08:33:51', '2025-06-18 08:33:51'),
       (69, 4, 2, 8, 0.00, '2025-06-18 08:33:51', '2025-06-18 08:33:51'),
       (70, 4, 2, 9, 0.00, '2025-06-18 08:33:51', '2025-06-18 08:33:51'),
       (71, 4, 2, 10, 0.00, '2025-06-18 08:33:51', '2025-06-18 08:33:51'),
       (72, 4, 2, 11, 0.00, '2025-06-18 08:33:51', '2025-06-18 08:33:51'),
       (73, 5, 1, 3, 0.00, '2025-06-18 08:33:51', '2025-06-18 08:33:51'),
       (74, 5, 1, 4, 0.00, '2025-06-18 08:33:51', '2025-06-18 08:33:51'),
       (75, 5, 1, 5, 0.00, '2025-06-18 08:33:51', '2025-06-18 08:33:51'),
       (76, 5, 1, 6, 0.00, '2025-06-18 08:33:51', '2025-06-18 08:33:51'),
       (77, 5, 1, 7, 0.00, '2025-06-18 08:33:51', '2025-06-18 08:33:51'),
       (78, 5, 1, 8, 0.00, '2025-06-18 08:33:51', '2025-06-18 08:33:51'),
       (79, 5, 1, 9, 0.00, '2025-06-18 08:33:51', '2025-06-18 08:33:51'),
       (80, 5, 1, 10, 0.00, '2025-06-18 08:33:51', '2025-06-18 08:33:51'),
       (81, 5, 1, 11, 0.00, '2025-06-18 08:33:51', '2025-06-18 08:33:51'),
       (82, 5, 2, 3, 0.00, '2025-06-18 08:33:51', '2025-06-18 08:33:51'),
       (83, 5, 2, 4, 0.00, '2025-06-18 08:33:51', '2025-06-18 08:33:51'),
       (84, 5, 2, 5, 0.00, '2025-06-18 08:33:51', '2025-06-18 08:33:51'),
       (85, 5, 2, 6, 0.00, '2025-06-18 08:33:51', '2025-06-18 08:33:51'),
       (86, 5, 2, 7, 0.00, '2025-06-18 08:33:51', '2025-06-18 08:33:51'),
       (87, 5, 2, 8, 0.00, '2025-06-18 08:33:51', '2025-06-18 08:33:51'),
       (88, 5, 2, 9, 0.00, '2025-06-18 08:33:51', '2025-06-18 08:33:51'),
       (89, 5, 2, 10, 0.00, '2025-06-18 08:33:51', '2025-06-18 08:33:51'),
       (90, 5, 2, 11, 0.00, '2025-06-18 08:33:51', '2025-06-18 08:33:51'),
       (91, 6, 1, 3, 0.00, '2025-06-18 08:33:51', '2025-06-18 08:33:51'),
       (92, 6, 1, 4, 0.00, '2025-06-18 08:33:51', '2025-06-18 08:33:51'),
       (93, 6, 1, 5, 0.00, '2025-06-18 08:33:51', '2025-06-18 08:33:51'),
       (94, 6, 1, 6, 0.00, '2025-06-18 08:33:51', '2025-06-18 08:33:51'),
       (95, 6, 1, 7, 0.00, '2025-06-18 08:33:51', '2025-06-18 08:33:51'),
       (96, 6, 1, 8, 0.00, '2025-06-18 08:33:51', '2025-06-18 08:33:51'),
       (97, 6, 1, 9, 0.00, '2025-06-18 08:33:51', '2025-06-18 08:33:51'),
       (98, 6, 1, 10, 0.00, '2025-06-18 08:33:51', '2025-06-18 08:33:51'),
       (99, 6, 1, 11, 0.00, '2025-06-18 08:33:51', '2025-06-18 08:33:51'),
       (100, 6, 2, 3, 0.00, '2025-06-18 08:33:51', '2025-06-18 08:33:51'),
       (101, 6, 2, 4, 0.00, '2025-06-18 08:33:51', '2025-06-18 08:33:51'),
       (102, 6, 2, 5, 0.00, '2025-06-18 08:33:51', '2025-06-18 08:33:51'),
       (103, 6, 2, 6, 0.00, '2025-06-18 08:33:51', '2025-06-18 08:33:51'),
       (104, 6, 2, 7, 0.00, '2025-06-18 08:33:51', '2025-06-18 08:33:51'),
       (105, 6, 2, 8, 0.00, '2025-06-18 08:33:51', '2025-06-18 08:33:51'),
       (106, 6, 2, 9, 0.00, '2025-06-18 08:33:51', '2025-06-18 08:33:51'),
       (107, 6, 2, 10, 0.00, '2025-06-18 08:33:51', '2025-06-18 08:33:51'),
       (108, 6, 2, 11, 0.00, '2025-06-18 08:33:51', '2025-06-18 08:33:51'),
       (109, 7, 1, 3, 0.00, '2025-06-18 08:33:51', '2025-06-18 08:33:51'),
       (110, 7, 1, 4, 0.00, '2025-06-18 08:33:51', '2025-06-18 08:33:51'),
       (111, 7, 1, 5, 0.00, '2025-06-18 08:33:51', '2025-06-18 08:33:51'),
       (112, 7, 1, 6, 0.00, '2025-06-18 08:33:51', '2025-06-18 08:33:51'),
       (113, 7, 1, 7, 0.00, '2025-06-18 08:33:51', '2025-06-18 08:33:51'),
       (114, 7, 1, 8, 0.00, '2025-06-18 08:33:51', '2025-06-18 08:33:51'),
       (115, 7, 1, 9, 0.00, '2025-06-18 08:33:51', '2025-06-18 08:33:51'),
       (116, 7, 1, 10, 0.00, '2025-06-18 08:33:51', '2025-06-18 08:33:51'),
       (117, 7, 1, 11, 0.00, '2025-06-18 08:33:51', '2025-06-18 08:33:51'),
       (118, 7, 2, 3, 0.00, '2025-06-18 08:33:51', '2025-06-18 08:33:51'),
       (119, 7, 2, 4, 0.00, '2025-06-18 08:33:51', '2025-06-18 08:33:51'),
       (120, 7, 2, 5, 0.00, '2025-06-18 08:33:51', '2025-06-18 08:33:51'),
       (121, 7, 2, 6, 0.00, '2025-06-18 08:33:51', '2025-06-18 08:33:51'),
       (122, 7, 2, 7, 0.00, '2025-06-18 08:33:51', '2025-06-18 08:33:51'),
       (123, 7, 2, 8, 0.00, '2025-06-18 08:33:51', '2025-06-18 08:33:51'),
       (124, 7, 2, 9, 0.00, '2025-06-18 08:33:51', '2025-06-18 08:33:51'),
       (125, 7, 2, 10, 0.00, '2025-06-18 08:33:51', '2025-06-18 08:33:51'),
       (126, 7, 2, 11, 0.00, '2025-06-18 08:33:51', '2025-06-18 08:33:51'),
       (127, 8, 1, 3, 0.00, '2025-06-18 08:33:51', '2025-06-18 08:33:51'),
       (128, 8, 1, 4, 0.00, '2025-06-18 08:33:51', '2025-06-18 08:33:51'),
       (129, 8, 1, 5, 0.00, '2025-06-18 08:33:51', '2025-06-18 08:33:51'),
       (130, 8, 1, 6, 0.00, '2025-06-18 08:33:51', '2025-06-18 08:33:51'),
       (131, 8, 1, 7, 0.00, '2025-06-18 08:33:51', '2025-06-18 08:33:51'),
       (132, 8, 1, 8, 0.00, '2025-06-18 08:33:51', '2025-06-18 08:33:51'),
       (133, 8, 1, 9, 0.00, '2025-06-18 08:33:51', '2025-06-18 08:33:51'),
       (134, 8, 1, 10, 0.00, '2025-06-18 08:33:51', '2025-06-18 08:33:51'),
       (135, 8, 1, 11, 0.00, '2025-06-18 08:33:51', '2025-06-18 08:33:51'),
       (136, 8, 2, 3, 0.00, '2025-06-18 08:33:51', '2025-06-18 08:33:51'),
       (137, 8, 2, 4, 0.00, '2025-06-18 08:33:51', '2025-06-18 08:33:51'),
       (138, 8, 2, 5, 0.00, '2025-06-18 08:33:51', '2025-06-18 08:33:51'),
       (139, 8, 2, 6, 0.00, '2025-06-18 08:33:51', '2025-06-18 08:33:51'),
       (140, 8, 2, 7, 0.00, '2025-06-18 08:33:51', '2025-06-18 08:33:51'),
       (141, 8, 2, 8, 0.00, '2025-06-18 08:33:51', '2025-06-18 08:33:51'),
       (142, 8, 2, 9, 0.00, '2025-06-18 08:33:51', '2025-06-18 08:33:51'),
       (143, 8, 2, 10, 0.00, '2025-06-18 08:33:51', '2025-06-18 08:33:51'),
       (144, 8, 2, 11, 0.00, '2025-06-18 08:33:51', '2025-06-18 08:33:51'),
       (145, 9, 1, 3, 0.00, '2025-06-18 08:33:51', '2025-06-18 08:33:51'),
       (146, 9, 1, 4, 0.00, '2025-06-18 08:33:51', '2025-06-18 08:33:51'),
       (147, 9, 1, 5, 0.00, '2025-06-18 08:33:51', '2025-06-18 08:33:51'),
       (148, 9, 1, 6, 0.00, '2025-06-18 08:33:51', '2025-06-18 08:33:51'),
       (149, 9, 1, 7, 0.00, '2025-06-18 08:33:51', '2025-06-18 08:33:51'),
       (150, 9, 1, 8, 0.00, '2025-06-18 08:33:51', '2025-06-18 08:33:51'),
       (151, 9, 1, 9, 0.00, '2025-06-18 08:33:51', '2025-06-18 08:33:51'),
       (152, 9, 1, 10, 0.00, '2025-06-18 08:33:51', '2025-06-18 08:33:51'),
       (153, 9, 1, 11, 0.00, '2025-06-18 08:33:51', '2025-06-18 08:33:51'),
       (154, 9, 2, 3, 0.00, '2025-06-18 08:33:51', '2025-06-18 08:33:51'),
       (155, 9, 2, 4, 0.00, '2025-06-18 08:33:51', '2025-06-18 08:33:51'),
       (156, 9, 2, 5, 0.00, '2025-06-18 08:33:51', '2025-06-18 08:33:51'),
       (157, 9, 2, 6, 0.00, '2025-06-18 08:33:51', '2025-06-18 08:33:51'),
       (158, 9, 2, 7, 0.00, '2025-06-18 08:33:51', '2025-06-18 08:33:51'),
       (159, 9, 2, 8, 0.00, '2025-06-18 08:33:51', '2025-06-18 08:33:51'),
       (160, 9, 2, 9, 0.00, '2025-06-18 08:33:51', '2025-06-18 08:33:51'),
       (161, 9, 2, 10, 0.00, '2025-06-18 08:33:51', '2025-06-18 08:33:51'),
       (162, 9, 2, 11, 0.00, '2025-06-18 08:33:51', '2025-06-18 08:33:51'),
       (163, 10, 1, 3, 0.00, '2025-06-18 08:33:51', '2025-06-18 08:33:51'),
       (164, 10, 1, 4, 0.00, '2025-06-18 08:33:51', '2025-06-18 08:33:51'),
       (165, 10, 1, 5, 0.00, '2025-06-18 08:33:51', '2025-06-18 08:33:51'),
       (166, 10, 1, 6, 0.00, '2025-06-18 08:33:51', '2025-06-18 08:33:51'),
       (167, 10, 1, 7, 0.00, '2025-06-18 08:33:51', '2025-06-18 08:33:51'),
       (168, 10, 1, 8, 0.00, '2025-06-18 08:33:51', '2025-06-18 08:33:51'),
       (169, 10, 1, 9, 0.00, '2025-06-18 08:33:51', '2025-06-18 08:33:51'),
       (170, 10, 1, 10, 0.00, '2025-06-18 08:33:51', '2025-06-18 08:33:51'),
       (171, 10, 1, 11, 0.00, '2025-06-18 08:33:51', '2025-06-18 08:33:51'),
       (172, 10, 2, 3, 0.00, '2025-06-18 08:33:51', '2025-06-18 08:33:51'),
       (173, 10, 2, 4, 0.00, '2025-06-18 08:33:51', '2025-06-18 08:33:51'),
       (174, 10, 2, 5, 0.00, '2025-06-18 08:33:51', '2025-06-18 08:33:51'),
       (175, 10, 2, 6, 0.00, '2025-06-18 08:33:51', '2025-06-18 08:33:51'),
       (176, 10, 2, 7, 0.00, '2025-06-18 08:33:51', '2025-06-18 08:33:51'),
       (177, 10, 2, 8, 0.00, '2025-06-18 08:33:51', '2025-06-18 08:33:51'),
       (178, 10, 2, 9, 0.00, '2025-06-18 08:33:51', '2025-06-18 08:33:51'),
       (179, 10, 2, 10, 0.00, '2025-06-18 08:33:51', '2025-06-18 08:33:51'),
       (180, 10, 2, 11, 0.00, '2025-06-18 08:33:51', '2025-06-18 08:33:51');



INSERT INTO inventory (item_id, item_option_id, quantity)
VALUES (1, 1, 100),
       (1, 2, 100),
       (1, 3, 100),
       (1, 4, 100),
       (1, 5, 100),
       (1, 6, 100),
       (1, 7, 100),
       (1, 8, 100),
       (1, 9, 100),
       (1, 10, 100),
       (1, 11, 100),
       (1, 12, 100),
       (1, 13, 100),
       (1, 14, 100),
       (1, 15, 100),
       (1, 16, 100),
       (1, 17, 100),
       (1, 18, 100),
       (2, 19, 100),
       (2, 20, 100),
       (2, 21, 100),
       (2, 22, 100),
       (2, 23, 100),
       (2, 24, 100),
       (2, 25, 100),
       (2, 26, 100),
       (2, 27, 100),
       (2, 28, 100),
       (2, 29, 100),
       (2, 30, 100),
       (2, 31, 100),
       (2, 32, 100),
       (2, 33, 100),
       (2, 34, 100),
       (2, 35, 100),
       (2, 36, 100),
       (3, 37, 100),
       (3, 38, 100),
       (3, 39, 100),
       (3, 40, 100),
       (3, 41, 100),
       (3, 42, 100),
       (3, 43, 100),
       (3, 44, 100),
       (3, 45, 100),
       (3, 46, 100),
       (3, 47, 100),
       (3, 48, 100),
       (3, 49, 100),
       (3, 50, 100),
       (3, 51, 100),
       (3, 52, 100),
       (3, 53, 100),
       (3, 54, 100),
       (4, 55, 100),
       (4, 56, 100),
       (4, 57, 100),
       (4, 58, 100),
       (4, 59, 100),
       (4, 60, 100),
       (4, 61, 100),
       (4, 62, 100),
       (4, 63, 100),
       (4, 64, 100),
       (4, 65, 100),
       (4, 66, 100),
       (4, 67, 100),
       (4, 68, 100),
       (4, 69, 100),
       (4, 70, 100),
       (4, 71, 100),
       (4, 72, 100),
       (5, 73, 100),
       (5, 74, 100),
       (5, 75, 100),
       (5, 76, 100),
       (5, 77, 100),
       (5, 78, 100),
       (5, 79, 100),
       (5, 80, 100),
       (5, 81, 100),
       (5, 82, 100),
       (5, 83, 100),
       (5, 84, 100),
       (5, 85, 100),
       (5, 86, 100),
       (5, 87, 100),
       (5, 88, 100),
       (5, 89, 100),
       (5, 90, 100),
       (6, 91, 100),
       (6, 92, 100),
       (6, 93, 100),
       (6, 94, 100),
       (6, 95, 100),
       (6, 96, 100),
       (6, 97, 100),
       (6, 98, 100),
       (6, 99, 100),
       (6, 100, 100),
       (6, 101, 100),
       (6, 102, 100),
       (6, 103, 100),
       (6, 104, 100),
       (6, 105, 100),
       (6, 106, 100),
       (6, 107, 100),
       (6, 108, 100),
       (7, 109, 100),
       (7, 110, 100),
       (7, 111, 100),
       (7, 112, 100),
       (7, 113, 100),
       (7, 114, 100),
       (7, 115, 100),
       (7, 116, 100),
       (7, 117, 100),
       (7, 118, 100),
       (7, 119, 100),
       (7, 120, 100),
       (7, 121, 100),
       (7, 122, 100),
       (7, 123, 100),
       (7, 124, 100),
       (7, 125, 100),
       (7, 126, 100),
       (8, 127, 100),
       (8, 128, 100),
       (8, 129, 100),
       (8, 130, 100),
       (8, 131, 100),
       (8, 132, 100),
       (8, 133, 100),
       (8, 134, 100),
       (8, 135, 100),
       (8, 136, 100),
       (8, 137, 100),
       (8, 138, 100),
       (8, 139, 100),
       (8, 140, 100),
       (8, 141, 100),
       (8, 142, 100),
       (8, 143, 100),
       (8, 144, 100),
       (9, 145, 100),
       (9, 146, 100),
       (9, 147, 100),
       (9, 148, 100),
       (9, 149, 100),
       (9, 150, 100),
       (9, 151, 100),
       (9, 152, 100),
       (9, 153, 100),
       (9, 154, 100),
       (9, 155, 100),
       (9, 156, 100),
       (9, 157, 100),
       (9, 158, 100),
       (9, 159, 100),
       (9, 160, 100),
       (9, 161, 100),
       (9, 162, 100),
       (10, 163, 100),
       (10, 164, 100),
       (10, 165, 100),
       (10, 166, 100),
       (10, 167, 100),
       (10, 168, 100),
       (10, 169, 100),
       (10, 170, 100),
       (10, 171, 100),
       (10, 172, 100),
       (10, 173, 100),
       (10, 174, 100),
       (10, 175, 100),
       (10, 176, 100),
       (10, 177, 100),
       (10, 178, 100),
       (10, 179, 100),
       (10, 180, 100);



INSERT INTO stocktransaction_history (stocktransaction_history_id, item_id, item_option_id, admin_id, quantity_change,
                                      trasaction_type)
VALUES (1, 1, 1, 1, 100, 'IN'),
       (2, 1, 2, 1, 100, 'IN'),
       (3, 1, 3, 1, 100, 'IN'),
       (4, 1, 4, 1, 100, 'IN'),
       (5, 1, 5, 1, 100, 'IN'),
       (6, 1, 6, 1, 100, 'IN'),
       (7, 1, 7, 1, 100, 'IN'),
       (8, 1, 8, 1, 100, 'IN'),
       (9, 1, 9, 1, 100, 'IN'),
       (10, 1, 10, 1, 100, 'IN'),
       (11, 1, 11, 1, 100, 'IN'),
       (12, 1, 12, 1, 100, 'IN'),
       (13, 1, 13, 1, 100, 'IN'),
       (14, 1, 14, 1, 100, 'IN'),
       (15, 1, 15, 1, 100, 'IN'),
       (16, 1, 16, 1, 100, 'IN'),
       (17, 1, 17, 1, 100, 'IN'),
       (18, 1, 18, 1, 100, 'IN'),
       (19, 2, 19, 1, 100, 'IN'),
       (20, 2, 20, 1, 100, 'IN'),
       (21, 2, 21, 1, 100, 'IN'),
       (22, 2, 22, 1, 100, 'IN'),
       (23, 2, 23, 1, 100, 'IN'),
       (24, 2, 24, 1, 100, 'IN'),
       (25, 2, 25, 1, 100, 'IN'),
       (26, 2, 26, 1, 100, 'IN'),
       (27, 2, 27, 1, 100, 'IN'),
       (28, 2, 28, 1, 100, 'IN'),
       (29, 2, 29, 1, 100, 'IN'),
       (30, 2, 30, 1, 100, 'IN'),
       (31, 2, 31, 1, 100, 'IN'),
       (32, 2, 32, 1, 100, 'IN'),
       (33, 2, 33, 1, 100, 'IN'),
       (34, 2, 34, 1, 100, 'IN'),
       (35, 2, 35, 1, 100, 'IN'),
       (36, 2, 36, 1, 100, 'IN'),
       (37, 3, 37, 1, 100, 'IN'),
       (38, 3, 38, 1, 100, 'IN'),
       (39, 3, 39, 1, 100, 'IN'),
       (40, 3, 40, 1, 100, 'IN'),
       (41, 3, 41, 1, 100, 'IN'),
       (42, 3, 42, 1, 100, 'IN'),
       (43, 3, 43, 1, 100, 'IN'),
       (44, 3, 44, 1, 100, 'IN'),
       (45, 3, 45, 1, 100, 'IN'),
       (46, 3, 46, 1, 100, 'IN'),
       (47, 3, 47, 1, 100, 'IN'),
       (48, 3, 48, 1, 100, 'IN'),
       (49, 3, 49, 1, 100, 'IN'),
       (50, 3, 50, 1, 100, 'IN'),
       (51, 3, 51, 1, 100, 'IN'),
       (52, 3, 52, 1, 100, 'IN'),
       (53, 3, 53, 1, 100, 'IN'),
       (54, 3, 54, 1, 100, 'IN'),
       (55, 4, 55, 1, 100, 'IN'),
       (56, 4, 56, 1, 100, 'IN'),
       (57, 4, 57, 1, 100, 'IN'),
       (58, 4, 58, 1, 100, 'IN'),
       (59, 4, 59, 1, 100, 'IN'),
       (60, 4, 60, 1, 100, 'IN'),
       (61, 4, 61, 1, 100, 'IN'),
       (62, 4, 62, 1, 100, 'IN'),
       (63, 4, 63, 1, 100, 'IN'),
       (64, 4, 64, 1, 100, 'IN'),
       (65, 4, 65, 1, 100, 'IN'),
       (66, 4, 66, 1, 100, 'IN'),
       (67, 4, 67, 1, 100, 'IN'),
       (68, 4, 68, 1, 100, 'IN'),
       (69, 4, 69, 1, 100, 'IN'),
       (70, 4, 70, 1, 100, 'IN'),
       (71, 4, 71, 1, 100, 'IN'),
       (72, 4, 72, 1, 100, 'IN'),
       (73, 5, 73, 1, 100, 'IN'),
       (74, 5, 74, 1, 100, 'IN'),
       (75, 5, 75, 1, 100, 'IN'),
       (76, 5, 76, 1, 100, 'IN'),
       (77, 5, 77, 1, 100, 'IN'),
       (78, 5, 78, 1, 100, 'IN'),
       (79, 5, 79, 1, 100, 'IN'),
       (80, 5, 80, 1, 100, 'IN'),
       (81, 5, 81, 1, 100, 'IN'),
       (82, 5, 82, 1, 100, 'IN'),
       (83, 5, 83, 1, 100, 'IN'),
       (84, 5, 84, 1, 100, 'IN'),
       (85, 5, 85, 1, 100, 'IN'),
       (86, 5, 86, 1, 100, 'IN'),
       (87, 5, 87, 1, 100, 'IN'),
       (88, 5, 88, 1, 100, 'IN'),
       (89, 5, 89, 1, 100, 'IN'),
       (90, 5, 90, 1, 100, 'IN'),
       (91, 6, 91, 1, 100, 'IN'),
       (92, 6, 92, 1, 100, 'IN'),
       (93, 6, 93, 1, 100, 'IN'),
       (94, 6, 94, 1, 100, 'IN'),
       (95, 6, 95, 1, 100, 'IN'),
       (96, 6, 96, 1, 100, 'IN'),
       (97, 6, 97, 1, 100, 'IN'),
       (98, 6, 98, 1, 100, 'IN'),
       (99, 6, 99, 1, 100, 'IN'),
       (100, 6, 100, 1, 100, 'IN'),
       (101, 6, 101, 1, 100, 'IN'),
       (102, 6, 102, 1, 100, 'IN'),
       (103, 6, 103, 1, 100, 'IN'),
       (104, 6, 104, 1, 100, 'IN'),
       (105, 6, 105, 1, 100, 'IN'),
       (106, 6, 106, 1, 100, 'IN'),
       (107, 6, 107, 1, 100, 'IN'),
       (108, 6, 108, 1, 100, 'IN'),
       (109, 7, 109, 1, 100, 'IN'),
       (110, 7, 110, 1, 100, 'IN'),
       (111, 7, 111, 1, 100, 'IN'),
       (112, 7, 112, 1, 100, 'IN'),
       (113, 7, 113, 1, 100, 'IN'),
       (114, 7, 114, 1, 100, 'IN'),
       (115, 7, 115, 1, 100, 'IN'),
       (116, 7, 116, 1, 100, 'IN'),
       (117, 7, 117, 1, 100, 'IN'),
       (118, 7, 118, 1, 100, 'IN'),
       (119, 7, 119, 1, 100, 'IN'),
       (120, 7, 120, 1, 100, 'IN'),
       (121, 7, 121, 1, 100, 'IN'),
       (122, 7, 122, 1, 100, 'IN'),
       (123, 7, 123, 1, 100, 'IN'),
       (124, 7, 124, 1, 100, 'IN'),
       (125, 7, 125, 1, 100, 'IN'),
       (126, 7, 126, 1, 100, 'IN'),
       (127, 8, 127, 1, 100, 'IN'),
       (128, 8, 128, 1, 100, 'IN'),
       (129, 8, 129, 1, 100, 'IN'),
       (130, 8, 130, 1, 100, 'IN'),
       (131, 8, 131, 1, 100, 'IN'),
       (132, 8, 132, 1, 100, 'IN'),
       (133, 8, 133, 1, 100, 'IN'),
       (134, 8, 134, 1, 100, 'IN'),
       (135, 8, 135, 1, 100, 'IN'),
       (136, 8, 136, 1, 100, 'IN'),
       (137, 8, 137, 1, 100, 'IN'),
       (138, 8, 138, 1, 100, 'IN'),
       (139, 8, 139, 1, 100, 'IN'),
       (140, 8, 140, 1, 100, 'IN'),
       (141, 8, 141, 1, 100, 'IN'),
       (142, 8, 142, 1, 100, 'IN'),
       (143, 8, 143, 1, 100, 'IN'),
       (144, 8, 144, 1, 100, 'IN'),
       (145, 9, 145, 1, 100, 'IN'),
       (146, 9, 146, 1, 100, 'IN'),
       (147, 9, 147, 1, 100, 'IN'),
       (148, 9, 148, 1, 100, 'IN'),
       (149, 9, 149, 1, 100, 'IN'),
       (150, 9, 150, 1, 100, 'IN'),
       (151, 9, 151, 1, 100, 'IN'),
       (152, 9, 152, 1, 100, 'IN'),
       (153, 9, 153, 1, 100, 'IN'),
       (154, 9, 154, 1, 100, 'IN'),
       (155, 9, 155, 1, 100, 'IN'),
       (156, 9, 156, 1, 100, 'IN'),
       (157, 9, 157, 1, 100, 'IN'),
       (158, 9, 158, 1, 100, 'IN'),
       (159, 9, 159, 1, 100, 'IN'),
       (160, 9, 160, 1, 100, 'IN'),
       (161, 9, 161, 1, 100, 'IN'),
       (162, 9, 162, 1, 100, 'IN'),
       (163, 10, 163, 1, 100, 'IN'),
       (164, 10, 164, 1, 100, 'IN'),
       (165, 10, 165, 1, 100, 'IN'),
       (166, 10, 166, 1, 100, 'IN'),
       (167, 10, 167, 1, 100, 'IN'),
       (168, 10, 168, 1, 100, 'IN'),
       (169, 10, 169, 1, 100, 'IN'),
       (170, 10, 170, 1, 100, 'IN'),
       (171, 10, 171, 1, 100, 'IN'),
       (172, 10, 172, 1, 100, 'IN'),
       (173, 10, 173, 1, 100, 'IN'),
       (174, 10, 174, 1, 100, 'IN'),
       (175, 10, 175, 1, 100, 'IN'),
       (176, 10, 176, 1, 100, 'IN'),
       (177, 10, 177, 1, 100, 'IN'),
       (178, 10, 178, 1, 100, 'IN'),
       (179, 10, 179, 1, 100, 'IN'),
       (180, 10, 180, 1, 100, 'IN');


INSERT INTO `grade_change_history` (`grade_history_id`, `user_grade_id`, `grade_change_at`, `created_at`, `updated_at`)
VALUES (1, 2, '2023-06-01 10:00:00', '2023-06-01 10:00:00', '2023-06-01 10:00:00'), -- user 2: BRONZE → SILVER
       (2, 3, '2023-07-15 11:30:00', '2023-07-15 11:30:00', '2023-07-15 11:30:00'), -- user 3: SILVER → GOLD
       (3, 6, '2023-08-10 09:00:00', '2023-08-10 09:00:00', '2023-08-10 09:00:00'), -- user 6: SILVER → GOLD
       (4, 7, '2023-09-01 13:00:00', '2023-09-01 13:00:00', '2023-09-01 13:00:00'), -- user 7: GOLD → VIP
       (5, 10, '2024-01-01 12:00:00', '2024-01-01 12:00:00', '2024-01-01 12:00:00'); -- user 10: SILVER → GOLD


INSERT INTO cart (cart_id, user_id, item_id, item_option_id, quantity, added_at, created_at, updated_at)
VALUES (1, 1, 1, 1, 2, '2025-06-18 10:00:00', '2025-06-18 10:00:00', '2025-06-18 10:00:00'),
       (2, 1, 1, 3, 1, '2025-06-18 10:01:00', '2025-06-18 10:01:00', '2025-06-18 10:01:00'),
       (3, 2, 1, 5, 1, '2025-06-18 10:02:00', '2025-06-18 10:02:00', '2025-06-18 10:02:00'),
       (4, 2, 1, 7, 2, '2025-06-18 10:03:00', '2025-06-18 10:03:00', '2025-06-18 10:03:00'),
       (5, 3, 1, 10, 1, '2025-06-18 10:04:00', '2025-06-18 10:04:00', '2025-06-18 10:04:00'),
       (6, 3, 2, 20, 3, '2025-06-18 10:05:00', '2025-06-18 10:05:00', '2025-06-18 10:05:00'),
       (7, 4, 2, 23, 1, '2025-06-18 10:06:00', '2025-06-18 10:06:00', '2025-06-18 10:06:00'),
       (8, 4, 2, 26, 2, '2025-06-18 10:07:00', '2025-06-18 10:07:00', '2025-06-18 10:07:00'),
       (9, 5, 2, 30, 1, '2025-06-18 10:08:00', '2025-06-18 10:08:00', '2025-06-18 10:08:00'),
       (10, 5, 2, 31, 2, '2025-06-18 10:09:00', '2025-06-18 10:09:00', '2025-06-18 10:09:00');



INSERT INTO `order` (order_id, user_id, status, items_price, delivery_fee, created_at, updated_at)
VALUES (1, 101, 'PAID', 50000.00, 3000.00, NOW(), NOW()),
       (2, 102, 'PROCESSING', 75000.00, 2500.00, NOW(), NOW()),
       (3, 103, 'SHIPPED', 120000.00, 0.00, NOW(), NOW()),
       (4, 104, 'DELIVERED', 90000.00, 3500.00, NOW(), NOW()),
       (5, 105, 'CANCELLED', 45000.00, 3000.00, NOW(), NOW()),
       (6, 106, 'PAID', 68000.00, 2500.00, NOW(), NOW()),
       (7, 107, 'PROCESSING', 43000.00, 3000.00, NOW(), NOW()),
       (8, 108, 'SHIPPED', 99000.00, 0.00, NOW(), NOW()),
       (9, 109, 'DELIVERED', 54000.00, 2000.00, NOW(), NOW()),
       (10, 110, 'CANCELLED', 120000.00, 3500.00, NOW(), NOW());


INSERT INTO order_item (item_sequence, order_id, item_id, status, delay_reason, price)
VALUES (1, 1, 101, 'PAID', NULL, 20000.00),
       (2, 1, 102, 'PAID', NULL, 19000.00),
       (3, 1, 103, 'PAID', NULL, 20000.00),
       (1, 2, 104, 'PROCESSING', 'OUT_OF_STOCK', 30000.00),
       (2, 2, 105, 'PROCESSING', NULL, 35000.00),
       (1, 3, 106, 'SHIPPED', NULL, 30000.00),
       (2, 3, 107, 'SHIPPED', 'QUALITY_CHECK', 37000.00),
       (1, 4, 108, 'DELIVERED', NULL, 15000.00),
       (2, 4, 109, 'DELIVERED', NULL, 18000.00),
       (3, 4, 110, 'DELIVERED', NULL, 25000.00),
       (1, 5, 111, 'CANCELLED', 'ADDRESS_ISSUE', 20000.00),
       (2, 5, 112, 'CANCELLED', NULL, 22000.00),
       (1, 6, 113, 'PENDING', NULL, 20000.00),
       (2, 6, 114, 'PENDING', 'WAREHOUSE_OVERLOAD', 25000.00),
       (1, 7, 115, 'RETURNED', NULL, 18000.00),
       (2, 7, 116, 'RETURNED', NULL, 19000.00),
       (3, 7, 117, 'RETURNED', 'ETC', 19000.00),
       (1, 8, 118, 'COMPLETED', NULL, 22000.00),
       (2, 8, 119, 'COMPLETED', NULL, 25000.00),
       (1, 9, 120, 'CANCELLED', NULL, 20000.00),
       (2, 9, 121, 'PAID', NULL, 23000.00),
       (1, 10, 122, 'RETURNED', NULL, 30000.00),
       (2, 10, 123, 'COMPLETED', NULL, 25000.00),
       (3, 10, 124, 'COMPLETED', NULL, 13000.00);


INSERT INTO payment_method (payment_method_id, user_id, payment_method, card_company_code, card_number,
                            bank_code, account_number, user_cash_receipt_number,
                            user_taxpayer_identification_number, billing_key,
                            is_default, is_active, pay_deny_reason, payment_owner_type,
                            created_at, updated_at)
VALUES
-- 카드 결제 수단
(1, 1, 'CREDIT_CARD', 'CC010', '1234-5678-1234-5678', NULL, NULL, '01012345678', NULL, 'BILLKEY001', true, true, NULL,
 'INDIVIDUAL', NOW(), NOW()),
(2, 2, 'CREDIT_CARD', 'CC020', '9876-5432-1234-5678', NULL, NULL, '01098765432', NULL, 'BILLKEY002', false, true,
 'CARD_EXPIRED', 'INDIVIDUAL', NOW(), NOW()),
-- 은행 계좌 결제 수단
(3, 3, 'BANK_TRANSFER', NULL, NULL, 'BANK001', '110-234-567890', NULL, '109-82-1234567', NULL, true, true, NULL,
 'CORPORATE', NOW(), NOW()),
(4, 4, 'BANK_TRANSFER', NULL, NULL, 'BANK002', '333-22-444444', NULL, '209-55-3333333', NULL, false, true,
 'INSUFFICIENT_FUNDS', 'INDIVIDUAL', NOW(), NOW()),
-- 카드 결제 실패된 경우
(5, 5, 'CREDIT_CARD', 'CC030', '1111-2222-3333-4444', NULL, NULL, NULL, NULL, NULL, true, false, 'INVALID_CARD',
 'INDIVIDUAL', NOW(), NOW());


INSERT INTO notice (notice_id, admin_id, title, content, view_count, status, is_pinned, created_at, updated_at)
VALUES (1, 1, '정기 점검 안내', '서비스 점검으로 인해 6월 30일 00시~06시까지 이용이 제한됩니다.', 123, 'ACTIVE', true, NOW(), NOW()),
       (2, 2, '배송 지연 공지', '택배사 물류 폭주로 인해 일부 지역 배송이 지연됩니다.', 87, 'ACTIVE', false, NOW(), NOW()),
       (3, 3, '고객센터 휴무 안내', '7월 1일은 내부 워크숍으로 인해 고객센터가 운영되지 않습니다.', 45, 'INACTIVE', false, NOW(), NOW());
